# Blender v2.80 (sub 75) OBJ File: ''
# www.blender.org
mtllib untitled.mtl
o 6_mybody-PC-ClassicFence.smd-MESH_0.1_16_16
v 0.007363 0.645487 0.007261
v -0.007999 0.635698 0.014375
v 0.007364 0.635698 0.014375
v -0.007999 0.645487 0.007261
v 0.007364 0.649227 -0.004250
v -0.007999 0.649227 -0.004250
v 0.007363 0.645487 -0.015761
v -0.007999 0.645487 -0.015761
v 0.007364 0.635698 -0.022876
v -0.007999 0.635698 -0.022876
v 0.007364 0.623592 0.014375
v -0.007999 0.613799 0.007261
v 0.007364 0.613799 0.007261
v -0.007999 0.623592 0.014375
v 0.007364 0.635698 0.014375
v -0.007999 0.635698 0.014375
v 0.007364 0.935415 -0.015761
v -0.007999 0.945208 -0.022876
v 0.007364 0.945208 -0.022876
v -0.007999 0.935415 -0.015761
v 0.007364 0.931674 -0.004250
v -0.007999 0.931674 -0.004250
v 0.007364 0.935415 0.007261
v -0.007999 0.935415 0.007261
v 0.007364 0.613799 -0.015761
v -0.007999 0.623592 -0.022876
v 0.007364 0.623592 -0.022876
v -0.007999 0.613799 -0.015761
v 0.007364 0.610059 -0.004250
v -0.007999 0.610059 -0.004250
v 0.007364 0.613799 0.007261
v -0.007999 0.613799 0.007261
v 0.007364 0.945208 0.014375
v -0.007999 0.935415 0.007261
v 0.007364 0.935415 0.007261
v -0.007999 0.945208 0.014375
v 0.007364 0.957313 0.014375
v -0.007999 0.957313 0.014375
v 0.007363 3.829899 0.007260
v -0.007999 3.820110 0.014375
v 0.007364 3.820110 0.014375
v -0.007999 3.829899 0.007260
v 0.007364 3.833639 -0.004251
v -0.007999 3.833639 -0.004251
v 0.007363 3.829899 -0.015762
v -0.007999 3.829899 -0.015762
v 0.007364 3.820110 -0.022876
v -0.007999 3.820110 -0.022876
v 0.007363 0.967103 0.007261
v -0.007999 0.957313 0.014375
v 0.007364 0.957313 0.014375
v -0.007999 0.967103 0.007261
v 0.007364 0.970843 -0.004250
v -0.007999 0.970843 -0.004250
v 0.007363 0.967103 -0.015761
v -0.007999 0.967103 -0.015761
v 0.007364 0.957313 -0.022876
v -0.007999 0.957313 -0.022876
v 0.007364 3.808004 0.014375
v -0.007999 3.798212 0.007260
v 0.007364 3.798212 0.007260
v -0.007999 3.808004 0.014375
v 0.007364 3.820110 0.014375
v -0.007999 3.820110 0.014375
v 0.007364 1.275258 -0.015761
v -0.007999 1.285051 -0.022876
v 0.007364 1.285051 -0.022876
v -0.007999 1.275258 -0.015761
v 0.007364 1.271518 -0.004250
v -0.007999 1.271518 -0.004250
v 0.007364 1.275258 0.007261
v -0.007999 1.275258 0.007261
v 0.007364 3.798212 -0.015762
v -0.007999 3.808004 -0.022876
v 0.007364 3.808004 -0.022876
v -0.007999 3.798212 -0.015762
v 0.007364 3.794472 -0.004251
v -0.007999 3.794472 -0.004251
v 0.007364 3.798212 0.007260
v -0.007999 3.798212 0.007260
v 0.007364 1.285051 0.014375
v -0.007999 1.275258 0.007261
v 0.007364 1.275258 0.007261
v -0.007999 1.285051 0.014375
v 0.007364 1.297156 0.014375
v -0.007999 1.297156 0.014375
v 0.107389 3.835713 0.000946
v 0.114324 3.840133 0.004159
v 0.107387 3.840133 0.004159
v 0.114324 3.835713 0.000946
v 0.107387 3.834025 -0.004251
v 0.114324 3.834025 -0.004251
v 0.107389 3.835713 -0.009447
v 0.114324 3.835713 -0.009447
v 0.107387 3.840133 -0.012659
v 0.114324 3.840133 -0.012659
v 0.007363 1.306946 0.007261
v -0.007999 1.297156 0.014375
v 0.007364 1.297156 0.014375
v -0.007999 1.306946 0.007261
v 0.007364 1.310686 -0.004250
v -0.007999 1.310686 -0.004250
v 0.007363 1.306946 -0.015761
v -0.007999 1.306946 -0.015761
v 0.007364 1.297156 -0.022876
v -0.007999 1.297156 -0.022876
v 0.292654 0.370399 -2.521748
v 0.461551 0.000257 -2.521741
v -0.182451 0.000257 -2.521740
v -0.182451 0.445475 -2.521749
v 0.236036 0.414072 -2.521748
v -0.182451 0.470475 -2.521749
v -0.182451 0.500487 -2.490256
v 0.261407 0.439161 -2.490255
v 0.316712 0.389142 -2.490255
v 0.491562 0.000257 -2.490255
v 0.107387 3.845598 0.004159
v 0.114324 3.850019 0.000946
v 0.107387 3.850019 0.000946
v 0.114324 3.845598 0.004159
v 0.107387 3.840133 0.004159
v 0.114324 3.840133 0.004159
v 0.007364 1.635204 0.014375
v -0.007999 1.625411 0.007261
v 0.007364 1.625411 0.007261
v -0.007999 1.635204 0.014375
v 0.007364 1.647308 0.014375
v -0.007999 1.647308 0.014375
v 0.107387 3.850019 -0.009447
v 0.114324 3.845598 -0.012659
v 0.107387 3.845598 -0.012659
v 0.114324 3.850019 -0.009447
v 0.107387 3.851708 -0.004251
v 0.114324 3.851708 -0.004251
v 0.107387 3.850019 0.000946
v 0.114324 3.850019 0.000946
v 0.007363 1.657098 0.007261
v -0.007999 1.647308 0.014375
v 0.007364 1.647308 0.014375
v -0.007999 1.657098 0.007261
v 0.007364 1.660838 -0.004250
v -0.007999 1.660838 -0.004250
v 0.007363 1.657098 -0.015761
v -0.007999 1.657098 -0.015761
v 0.007364 1.647308 -0.022876
v -0.007999 1.647308 -0.022876
v 0.000744 1.241120 -2.333345
v 0.000787 1.075107 -1.965389
v 0.000742 1.074368 -2.333014
v 0.000790 1.241859 -1.965725
v 0.000792 1.241883 -1.953604
v 0.000791 1.250015 -1.957626
v 0.000790 1.253440 -1.965750
v 0.000744 1.252702 -2.333370
v 0.000743 1.248824 -2.342553
v 0.000742 1.241093 -2.347123
v 0.000739 1.074341 -2.346790
v 0.000740 1.066015 -2.343396
v 0.000741 1.062638 -2.332989
v 0.000787 1.063376 -1.965367
v 0.000789 1.066510 -1.955868
v 0.000789 1.075131 -1.953268
v 0.107389 3.759938 0.000946
v 0.114324 3.764358 0.004160
v 0.107387 3.764358 0.004159
v 0.114324 3.759938 0.000946
v 0.107387 3.758250 -0.004251
v 0.114324 3.758250 -0.004251
v 0.107389 3.759938 -0.009447
v 0.114324 3.759938 -0.009447
v 0.107387 3.764358 -0.012659
v 0.114324 3.764358 -0.012659
v 0.007364 1.944657 -0.015761
v -0.007999 1.954449 -0.022876
v 0.007364 1.954449 -0.022876
v -0.007999 1.944657 -0.015761
v 0.007364 1.940916 -0.004250
v -0.007999 1.940916 -0.004250
v 0.007364 1.944657 0.007261
v -0.007999 1.944657 0.007261
v 0.107387 3.769824 0.004159
v 0.114324 3.774245 0.000946
v 0.107387 3.774245 0.000946
v 0.114324 3.769824 0.004160
v 0.107387 3.764358 0.004159
v 0.114324 3.764358 0.004160
v 0.007364 1.954449 0.014375
v -0.007999 1.944657 0.007261
v 0.007364 1.944657 0.007261
v -0.007999 1.954449 0.014375
v 0.007364 1.966555 0.014375
v -0.007999 1.966555 0.014375
v 0.007364 1.625411 -0.015761
v -0.007999 1.635204 -0.022876
v 0.007364 1.635204 -0.022876
v -0.007999 1.625411 -0.015761
v 0.007364 1.621670 -0.004250
v -0.007999 1.621670 -0.004250
v 0.007364 1.625411 0.007261
v -0.007999 1.625411 0.007261
v 0.007363 1.976344 0.007261
v -0.007999 1.966555 0.014375
v 0.007364 1.966555 0.014375
v -0.007999 1.976344 0.007261
v 0.007364 1.980085 -0.004250
v -0.007999 1.980085 -0.004250
v 0.007363 1.976344 -0.015761
v -0.007999 1.976344 -0.015761
v 0.007364 1.966555 -0.022876
v -0.007999 1.966555 -0.022876
v -0.001048 1.074369 -2.333012
v -0.001002 1.241859 -1.965725
v -0.001046 1.241122 -2.333345
v -0.001004 1.075108 -1.965389
v -0.001048 1.062639 -2.332989
v -0.001051 1.066015 -2.343396
v -0.001051 1.074341 -2.346790
v -0.001048 1.241094 -2.347123
v -0.001048 1.248825 -2.342553
v -0.001046 1.252702 -2.333370
v -0.001002 1.253440 -1.965750
v -0.001000 1.250015 -1.957626
v -0.001000 1.241884 -1.953604
v -0.001002 1.075132 -1.953268
v -0.001003 1.066511 -1.955868
v -0.001004 1.063377 -1.965367
v 0.007364 2.267680 -0.015762
v -0.007999 2.277473 -0.022876
v 0.007364 2.277473 -0.022876
v -0.007999 2.267680 -0.015762
v 0.007364 2.263939 -0.004251
v -0.007999 2.263939 -0.004251
v 0.007364 2.267680 0.007260
v -0.007999 2.267680 0.007260
v 0.107387 3.774245 -0.009447
v 0.114324 3.769824 -0.012659
v 0.107387 3.769824 -0.012659
v 0.114324 3.774245 -0.009447
v 0.107387 3.775933 -0.004251
v 0.114324 3.775933 -0.004251
v 0.107387 3.774245 0.000946
v 0.114324 3.774245 0.000946
v 0.007364 2.277473 0.014375
v -0.007999 2.267680 0.007260
v 0.007364 2.267680 0.007260
v -0.007999 2.277473 0.014375
v 0.007364 2.289578 0.014375
v -0.007999 2.289578 0.014375
v -0.182455 0.409715 2.362284
v -0.182451 0.000257 -2.521740
v -0.182455 0.000258 2.362284
v -0.182451 0.445475 -2.521749
v -0.182451 0.470475 -2.521749
v -0.182455 0.470476 2.362284
v -0.182451 0.500487 -2.490256
v -0.182455 0.500488 2.334300
v 0.261402 0.439162 2.334301
v 0.261407 0.439161 -2.490255
v 0.316708 0.389143 2.334301
v 0.316712 0.389142 -2.490255
v 0.491562 0.000257 -2.490255
v 0.491557 0.000258 2.339331
v -0.000536 1.272158 -2.333368
v -0.000537 1.243449 -2.333138
v -0.000535 1.243515 -2.324906
v -0.000535 1.272223 -2.325133
v -0.003322 1.280320 -2.333435
v -0.003320 1.280385 -2.325203
v -0.005549 1.283354 -2.333456
v -0.005549 1.283420 -2.325223
v -0.008573 1.289160 -2.333501
v -0.008572 1.289225 -2.325273
v -0.007708 1.295485 -2.325323
v -0.007708 1.295419 -2.333555
v -0.002773 1.298210 -2.333575
v -0.002773 1.298275 -2.325345
v 0.002635 1.297163 -2.333570
v 0.002637 1.297229 -2.325338
v 0.006385 1.293172 -2.333539
v 0.006387 1.293237 -2.325307
v 0.006127 1.288427 -2.325269
v 0.006126 1.288361 -2.333496
v 0.003087 1.283622 -2.325230
v 0.003087 1.283557 -2.333458
v 0.000823 1.280142 -2.325201
v 0.000823 1.280077 -2.333433
v -0.000515 1.272221 -2.325133
v -0.000517 1.272155 -2.333365
v 0.193302 3.760346 0.015109
v 0.197339 3.763054 0.006846
v 0.197339 3.769713 0.006859
v 0.193302 3.772385 0.015136
v 0.197339 3.775114 0.002954
v 0.193302 3.782141 0.008081
v 0.197339 3.777189 -0.003381
v 0.193302 3.785884 -0.003360
v 0.197339 3.775140 -0.009722
v 0.193302 3.782188 -0.014820
v 0.197339 3.769761 -0.013650
v 0.193302 3.772469 -0.021914
v 0.197339 3.763095 -0.013666
v 0.193302 3.760424 -0.021943
v 0.197339 3.757700 -0.009758
v 0.193302 3.750674 -0.014885
v 0.197339 3.755625 -0.003426
v 0.193302 3.746926 -0.003446
v 0.197339 3.757668 0.002916
v 0.193302 3.750621 0.008013
v 0.197339 3.766404 -0.003403
v 0.173296 3.676551 -0.014538
v 0.164960 3.681061 -0.009567
v 0.166606 3.681061 -0.002315
v 0.176273 3.676551 -0.001436
v 0.163675 3.681061 0.004522
v 0.170978 3.676551 0.010916
v 0.157287 3.681061 0.008331
v 0.159440 3.676551 0.017796
v 0.149878 3.681061 0.007657
v 0.146056 3.676551 0.016579
v 0.144284 3.681061 0.002758
v 0.135949 3.676551 0.007729
v 0.142635 3.681061 -0.004494
v 0.132968 3.676551 -0.005373
v 0.145564 3.681061 -0.011331
v 0.138261 3.676551 -0.017724
v 0.151953 3.681061 -0.015140
v 0.149804 3.676551 -0.024604
v 0.159362 3.681061 -0.014468
v 0.163185 3.676551 -0.023388
v 0.154621 3.681061 -0.003403
v 0.007363 2.299367 0.007260
v -0.007999 2.289578 0.014375
v 0.007364 2.289578 0.014375
v -0.007999 2.299367 0.007260
v 0.007364 2.303108 -0.004251
v -0.007999 2.303108 -0.004251
v 0.007363 2.299367 -0.015762
v -0.007999 2.299367 -0.015762
v 0.007364 2.289578 -0.022876
v -0.007999 2.289578 -0.022876
v -0.010562 3.785554 -0.004251
v -0.010562 3.790997 -0.021003
v -0.008618 3.792440 -0.019953
v -0.008618 3.787336 -0.004251
v -0.010562 3.790997 0.012502
v -0.008618 3.792440 0.011454
v -0.010562 3.805249 0.022857
v -0.008618 3.805801 0.021160
v -0.010562 3.822865 0.022857
v -0.008618 3.822313 0.021160
v -0.010562 3.837114 0.012502
v -0.008618 3.835670 0.011454
v -0.010562 3.842560 -0.004251
v -0.008618 3.840774 -0.004251
v -0.010562 3.837114 -0.021003
v -0.008618 3.835670 -0.019953
v -0.010562 3.822865 -0.031356
v -0.008618 3.822313 -0.029662
v -0.010562 3.805249 -0.031356
v -0.008618 3.805801 -0.029662
v 0.007364 3.291632 -0.015762
v -0.007999 3.301425 -0.022876
v 0.007364 3.301425 -0.022876
v -0.007999 3.291632 -0.015762
v 0.007364 3.287891 -0.004251
v -0.007999 3.287891 -0.004251
v 0.007364 3.291632 0.007260
v -0.007999 3.291632 0.007260
v 0.144568 3.751615 -0.003435
v 0.144568 3.754459 -0.012122
v 0.144568 3.745607 -0.018583
v 0.144568 3.740656 -0.003460
v 0.144568 3.754423 0.005266
v 0.144568 3.745545 0.011686
v 0.144568 3.761804 0.010654
v 0.144568 3.758394 0.021068
v 0.144568 3.770947 0.010672
v 0.144568 3.774309 0.021102
v 0.144568 3.778356 0.005316
v 0.144568 3.787202 0.011774
v 0.144568 3.781200 -0.003369
v 0.144568 3.792152 -0.003349
v 0.144568 3.778388 -0.012073
v 0.144568 3.787269 -0.018491
v 0.144568 3.771005 -0.017461
v 0.144568 3.774414 -0.027874
v 0.144568 3.761867 -0.017479
v 0.144568 3.758500 -0.027908
v 0.007364 3.301425 0.014375
v -0.007999 3.291632 0.007260
v 0.007364 3.291632 0.007260
v -0.007999 3.301425 0.014375
v 0.007364 3.313530 0.014375
v -0.007999 3.313530 0.014375
v -0.010562 1.632447 0.022857
v -0.010562 1.618196 0.012502
v -0.008618 1.619639 0.011454
v -0.008618 1.632999 0.021160
v -0.010562 1.650064 0.022857
v -0.008618 1.649513 0.021160
v -0.010562 1.664312 0.012502
v -0.008618 1.662869 0.011454
v -0.010562 1.669759 -0.004250
v -0.008618 1.667972 -0.004250
v -0.010562 1.664312 -0.021003
v -0.008618 1.662869 -0.019953
v -0.010562 1.650064 -0.031356
v -0.008618 1.649513 -0.029661
v -0.010562 1.632447 -0.031356
v -0.008618 1.632999 -0.029661
v -0.010562 1.618196 -0.021003
v -0.008618 1.619639 -0.019953
v -0.010562 1.612753 -0.004250
v -0.008618 1.614536 -0.004250
v 0.007363 3.323320 0.007260
v -0.007999 3.313530 0.014375
v 0.007364 3.313530 0.014375
v -0.007999 3.323320 0.007260
v 0.007364 3.327060 -0.004251
v -0.007999 3.327060 -0.004251
v 0.007363 3.323320 -0.015762
v -0.007999 3.323320 -0.015762
v 0.007364 3.313530 -0.022876
v -0.007999 3.313530 -0.022876
v -0.010562 3.316286 -0.031356
v -0.008618 3.329090 -0.019953
v -0.008618 3.315734 -0.029661
v -0.010562 3.330533 -0.021003
v -0.008618 3.334195 -0.004251
v -0.010562 3.335980 -0.004251
v -0.008618 3.329090 0.011454
v -0.010562 3.330533 0.012502
v -0.008618 3.315734 0.021160
v -0.010562 3.316286 0.022857
v -0.008618 3.299221 0.021160
v -0.010562 3.298670 0.022857
v -0.008618 3.285861 0.011454
v -0.010562 3.284418 0.012502
v -0.008618 3.280757 -0.004251
v -0.010562 3.278975 -0.004251
v -0.008618 3.285861 -0.019953
v -0.010562 3.284418 -0.021003
v -0.008618 3.299221 -0.029661
v -0.010562 3.298670 -0.031356
v 0.115481 3.756682 -0.011813
v 0.115481 3.763114 -0.016487
v 0.120132 3.763513 -0.015264
v 0.120130 3.770670 -0.015264
v 0.115481 3.771067 -0.016487
v 0.120132 3.776461 -0.011056
v 0.115481 3.777501 -0.011813
v 0.120132 3.778673 -0.004251
v 0.115481 3.779959 -0.004251
v 0.120132 3.776461 0.002557
v 0.115481 3.777501 0.003312
v 0.120130 3.770670 0.006765
v 0.115481 3.771067 0.007988
v 0.120132 3.763513 0.006765
v 0.115481 3.763114 0.007988
v 0.120130 3.757722 0.002557
v 0.115481 3.756682 0.003312
v 0.120130 3.755511 -0.004251
v 0.115481 3.754224 -0.004251
v 0.120130 3.757722 -0.011056
v 0.007364 2.946351 -0.015762
v -0.007999 2.956144 -0.022876
v 0.007364 2.956144 -0.022876
v -0.007999 2.946351 -0.015762
v 0.007364 2.942610 -0.004251
v -0.007999 2.942610 -0.004251
v 0.007364 2.946351 0.007260
v -0.007999 2.946351 0.007260
v -0.001002 1.075132 -1.953268
v -0.001003 1.066511 -1.955868
v 0.000789 1.066510 -1.955868
v 0.000789 1.075131 -1.953268
v -0.001000 1.241884 -1.953604
v 0.000792 1.241883 -1.953604
v 0.000791 1.250015 -1.957626
v -0.001000 1.250015 -1.957626
v 0.114603 3.846593 0.007222
v 0.114324 3.845598 0.004159
v 0.114324 3.840133 0.004159
v 0.114603 3.839138 0.007222
v 0.114324 3.835713 0.000946
v 0.114603 3.833108 0.002841
v 0.114324 3.834025 -0.004251
v 0.114603 3.830803 -0.004251
v 0.114324 3.835713 -0.009447
v 0.114603 3.833108 -0.011340
v 0.114324 3.840133 -0.012659
v 0.114603 3.839138 -0.015721
v 0.114324 3.845598 -0.012659
v 0.114603 3.846593 -0.015721
v 0.114324 3.850019 -0.009447
v 0.114603 3.852624 -0.011340
v 0.114324 3.851708 -0.004251
v 0.114603 3.854929 -0.004251
v 0.114324 3.850019 0.000946
v 0.114603 3.852624 0.002841
v 0.000852 3.353182 2.299287
v 0.013503 3.353136 2.285691
v 0.015747 3.352996 2.267257
v -0.017372 3.353118 2.302847
v 0.006728 3.352817 2.251025
v -0.034209 3.352969 2.295019
v -0.010112 3.352667 2.243194
v -0.043230 3.352791 2.278789
v -0.028336 3.352603 2.246759
v -0.040986 3.352652 2.260355
v -0.008618 3.805801 0.021160
v -0.007999 3.808004 0.014375
v -0.007999 3.820110 0.014375
v -0.008618 3.822313 0.021160
v -0.007999 3.829899 0.007260
v -0.008618 3.835670 0.011454
v -0.007999 3.833639 -0.004251
v -0.008618 3.840774 -0.004251
v -0.007999 3.829899 -0.015762
v -0.008618 3.835670 -0.019953
v -0.007999 3.820110 -0.022876
v -0.008618 3.822313 -0.029662
v -0.007999 3.808004 -0.022876
v -0.008618 3.805801 -0.029662
v -0.007999 3.798212 -0.015762
v -0.008618 3.792440 -0.019953
v -0.007999 3.794472 -0.004251
v -0.008618 3.787336 -0.004251
v -0.007999 3.798212 0.007260
v -0.008618 3.792440 0.011454
v -0.008618 0.621389 0.021160
v -0.007999 0.623592 0.014375
v -0.007999 0.635698 0.014375
v -0.008618 0.637902 0.021160
v -0.007999 0.645487 0.007261
v -0.008618 0.651258 0.011455
v -0.007999 0.649227 -0.004250
v -0.008618 0.656362 -0.004250
v -0.007999 0.645487 -0.015761
v -0.008618 0.651258 -0.019953
v -0.007999 0.635698 -0.022876
v -0.008618 0.637902 -0.029661
v -0.007999 0.623592 -0.022876
v -0.008618 0.621389 -0.029661
v -0.007999 0.613799 -0.015761
v -0.008618 0.608028 -0.019953
v -0.007999 0.610059 -0.004250
v -0.008618 0.602924 -0.004250
v -0.007999 0.613799 0.007261
v -0.008618 0.608028 0.011455
v -0.008618 1.282847 0.021160
v -0.007999 1.285051 0.014375
v -0.007999 1.297156 0.014375
v -0.008618 1.299361 0.021160
v -0.007999 1.306946 0.007261
v -0.008618 1.312717 0.011454
v -0.007999 1.310686 -0.004250
v -0.008618 1.317820 -0.004250
v -0.007999 1.306946 -0.015761
v -0.008618 1.312717 -0.019953
v -0.007999 1.297156 -0.022876
v -0.008618 1.299361 -0.029661
v -0.007999 1.285051 -0.022876
v -0.008618 1.282847 -0.029661
v -0.007999 1.275258 -0.015761
v -0.008618 1.269487 -0.019953
v -0.007999 1.271518 -0.004250
v -0.008618 1.264383 -0.004250
v -0.007999 1.275258 0.007261
v -0.008618 1.269487 0.011454
v -0.008618 1.632999 0.021160
v -0.007999 1.635204 0.014375
v -0.007999 1.647308 0.014375
v -0.008618 1.649513 0.021160
v -0.007999 1.657098 0.007261
v -0.008618 1.662869 0.011454
v -0.007999 1.660838 -0.004250
v -0.008618 1.667972 -0.004250
v -0.007999 1.657098 -0.015761
v -0.008618 1.662869 -0.019953
v -0.007999 1.647308 -0.022876
v -0.008618 1.649513 -0.029661
v -0.007999 1.635204 -0.022876
v -0.008618 1.632999 -0.029661
v -0.007999 1.625411 -0.015761
v -0.008618 1.619639 -0.019953
v -0.007999 1.621670 -0.004250
v -0.008618 1.614536 -0.004250
v -0.007999 1.625411 0.007261
v -0.008618 1.619639 0.011454
v -0.008618 1.952246 0.021160
v -0.007999 1.954449 0.014375
v -0.007999 1.966555 0.014375
v -0.008618 1.968758 0.021160
v -0.007999 1.976344 0.007261
v -0.008618 1.982116 0.011454
v -0.007999 1.980085 -0.004250
v -0.008618 1.987219 -0.004250
v -0.007999 1.976344 -0.015761
v -0.008618 1.982116 -0.019953
v -0.007999 1.966555 -0.022876
v -0.008618 1.968758 -0.029661
v -0.007999 1.954449 -0.022876
v -0.008618 1.952246 -0.029661
v -0.007999 1.944657 -0.015761
v -0.008618 1.938885 -0.019953
v -0.007999 1.940916 -0.004250
v -0.008618 1.933782 -0.004250
v -0.007999 1.944657 0.007261
v -0.008618 1.938885 0.011454
v 0.007364 2.956144 0.014375
v -0.007999 2.946351 0.007260
v 0.007364 2.946351 0.007260
v -0.007999 2.956144 0.014375
v 0.007364 2.968249 0.014375
v -0.007999 2.968249 0.014375
v 0.000787 1.063376 -1.965367
v 0.000789 1.066510 -1.955868
v -0.001003 1.066511 -1.955868
v -0.001004 1.063377 -1.965367
v -0.001048 1.062639 -2.332989
v 0.000741 1.062638 -2.332989
v -0.001051 1.066015 -2.343396
v 0.000740 1.066015 -2.343396
v 0.007363 2.978039 0.007260
v -0.007999 2.968249 0.014375
v 0.007364 2.968249 0.014375
v -0.007999 2.978039 0.007260
v 0.007364 2.981778 -0.004251
v -0.007999 2.981778 -0.004251
v 0.007363 2.978039 -0.015762
v -0.007999 2.978039 -0.015762
v 0.007364 2.968249 -0.022876
v -0.007999 2.968249 -0.022876
v -0.001002 1.253440 -1.965750
v -0.001000 1.250015 -1.957626
v 0.000791 1.250015 -1.957626
v 0.000790 1.253440 -1.965750
v -0.001046 1.252702 -2.333370
v 0.000744 1.252702 -2.333370
v 0.000743 1.248824 -2.342553
v -0.001048 1.248825 -2.342553
v -0.039166 3.351890 -2.466087
v -0.045507 3.351681 -2.448708
v -0.040381 3.351315 -2.430928
v -0.023777 3.351858 -2.476426
v -0.025745 3.350962 -2.419543
v -0.005222 3.351596 -2.475782
v -0.007187 3.350700 -2.418898
v 0.009417 3.351212 -2.464397
v 0.008201 3.350647 -2.429240
v 0.014543 3.350856 -2.446621
v -0.008618 2.275269 0.021160
v -0.007999 2.277473 0.014375
v -0.007999 2.289578 0.014375
v -0.008618 2.291782 0.021160
v -0.007999 2.299367 0.007260
v -0.008618 2.305139 0.011454
v -0.007999 2.303108 -0.004251
v -0.008618 2.310242 -0.004251
v -0.007999 2.299367 -0.015762
v -0.008618 2.305139 -0.019953
v -0.007999 2.289578 -0.022876
v -0.008618 2.291782 -0.029661
v -0.007999 2.277473 -0.022876
v -0.008618 2.275269 -0.029661
v -0.007999 2.267680 -0.015762
v -0.008618 2.261909 -0.019953
v -0.007999 2.263939 -0.004251
v -0.008618 2.256804 -0.004251
v -0.007999 2.267680 0.007260
v -0.008618 2.261909 0.011454
v -0.021005 0.448948 -2.458334
v -0.023777 3.351858 -2.476426
v -0.005222 3.351596 -2.475782
v -0.002445 0.448798 -2.457703
v 0.012195 0.448619 -2.446282
v 0.009417 3.351212 -2.464397
v 0.014543 3.350856 -2.446621
v 0.017329 0.448480 -2.428435
v 0.008201 3.350647 -2.429240
v 0.010989 0.448433 -2.410979
v -0.007187 3.350700 -2.418898
v -0.004398 0.448496 -2.400583
v -0.025745 3.350962 -2.419543
v -0.022957 0.448646 -2.401217
v -0.040381 3.351315 -2.430928
v -0.037597 0.448824 -2.412637
v -0.045507 3.351681 -2.448708
v -0.042728 0.448964 -2.430485
v -0.039166 3.351890 -2.466087
v -0.036391 0.449012 -2.447941
v -0.023777 3.351858 -2.476426
v -0.021005 0.448948 -2.458334
v -0.008618 2.619883 0.021160
v -0.007999 2.622087 0.014375
v -0.007999 2.634192 0.014375
v -0.008618 2.636396 0.021160
v -0.007999 2.643981 0.007260
v -0.008618 2.649752 0.011454
v -0.007999 2.647722 -0.004251
v -0.008618 2.654857 -0.004251
v -0.007999 2.643981 -0.015762
v -0.008618 2.649752 -0.019953
v -0.007999 2.634192 -0.022876
v -0.008618 2.636396 -0.029661
v -0.007999 2.622087 -0.022876
v -0.008618 2.619883 -0.029661
v -0.007999 2.612293 -0.015762
v -0.008618 2.606522 -0.019953
v -0.007999 2.608553 -0.004251
v -0.008618 2.601419 -0.004251
v -0.007999 2.612293 0.007260
v -0.008618 2.606522 0.011454
v -0.008618 3.299221 0.021160
v -0.007999 3.301425 0.014375
v -0.007999 3.313530 0.014375
v -0.008618 3.315734 0.021160
v -0.007999 3.323320 0.007260
v -0.008618 3.329090 0.011454
v -0.007999 3.327060 -0.004251
v -0.008618 3.334195 -0.004251
v -0.007999 3.323320 -0.015762
v -0.008618 3.329090 -0.019953
v -0.007999 3.313530 -0.022876
v -0.008618 3.315734 -0.029661
v -0.007999 3.301425 -0.022876
v -0.008618 3.299221 -0.029661
v -0.007999 3.291632 -0.015762
v -0.008618 3.285861 -0.019953
v -0.007999 3.287891 -0.004251
v -0.008618 3.280757 -0.004251
v -0.007999 3.291632 0.007260
v -0.008618 3.285861 0.011454
v -0.008618 2.953940 0.021160
v -0.007999 2.956144 0.014375
v -0.007999 2.968249 0.014375
v -0.008618 2.970453 0.021160
v -0.007999 2.978039 0.007260
v -0.008618 2.983809 0.011454
v -0.007999 2.981778 -0.004251
v -0.008618 2.988914 -0.004251
v -0.007999 2.978039 -0.015762
v -0.008618 2.983809 -0.019953
v -0.007999 2.968249 -0.022876
v -0.008618 2.970453 -0.029661
v -0.007999 2.956144 -0.022876
v -0.008618 2.953940 -0.029661
v -0.007999 2.946351 -0.015762
v -0.008618 2.940579 -0.019953
v -0.007999 2.942610 -0.004251
v -0.008618 2.935476 -0.004251
v -0.007999 2.946351 0.007260
v -0.008618 2.940579 0.011454
v 0.005275 0.627006 -2.445065
v 0.002702 0.623470 2.267037
v 0.002707 0.623470 -2.445061
v 0.005270 0.627007 2.267037
v 0.005275 0.631375 -2.445065
v 0.005270 0.631376 2.267037
v 0.002707 0.634911 -2.445061
v 0.002702 0.634911 2.267037
v -0.001449 0.636261 -2.445061
v -0.001453 0.636262 2.267037
v -0.005605 0.634911 -2.445061
v -0.005609 0.634911 2.267037
v -0.008173 0.631375 -2.445061
v -0.008177 0.631376 2.267037
v -0.008173 0.627006 -2.445061
v -0.008177 0.627007 2.267037
v -0.005605 0.623470 -2.445061
v -0.005609 0.623470 2.267037
v -0.001449 0.622120 -2.445061
v -0.005609 0.623470 2.267037
v -0.005605 0.623470 -2.445061
v -0.001453 0.622121 2.267037
v 0.002707 0.623470 -2.445061
v 0.002702 0.623470 2.267037
v -0.001449 0.947867 -2.445061
v -0.005609 0.949217 2.267037
v -0.005605 0.949216 -2.445061
v -0.001453 0.947868 2.267037
v 0.002707 0.949216 -2.445061
v 0.002702 0.949217 2.267037
v 0.005275 0.952752 -2.445066
v 0.002702 0.949217 2.267037
v 0.002707 0.949216 -2.445061
v 0.005270 0.952753 2.267037
v 0.005275 0.957122 -2.445066
v 0.005270 0.957123 2.267037
v 0.002707 0.960657 -2.445061
v 0.002702 0.960658 2.267037
v -0.001449 0.962009 -2.445061
v -0.001453 0.962010 2.267037
v -0.005605 0.960657 -2.445061
v -0.005609 0.960658 2.267037
v -0.008173 0.957122 -2.445061
v -0.008177 0.957123 2.267037
v -0.008173 0.952752 -2.445061
v -0.008177 0.952753 2.267037
v -0.005605 0.949216 -2.445061
v -0.005609 0.949217 2.267037
v 0.005275 1.288244 -2.445066
v 0.002702 1.284708 2.267037
v 0.002707 1.284708 -2.445061
v 0.005270 1.288245 2.267037
v 0.005275 1.292614 -2.445066
v 0.005270 1.292614 2.267037
v 0.002707 1.296149 -2.445061
v 0.002702 1.296150 2.267037
v -0.001449 1.297500 -2.445061
v -0.001453 1.297501 2.267037
v -0.005605 1.296149 -2.445061
v -0.005609 1.296150 2.267037
v -0.008173 1.292614 -2.445061
v -0.008177 1.292614 2.267037
v -0.008173 1.288244 -2.445061
v -0.008177 1.288245 2.267037
v -0.005605 1.284708 -2.445061
v -0.005609 1.284708 2.267037
v -0.001449 1.283358 -2.445061
v -0.005609 1.284708 2.267037
v -0.005605 1.284708 -2.445061
v -0.001453 1.283359 2.267037
v 0.002707 1.284708 -2.445061
v 0.002702 1.284708 2.267037
v -0.001449 1.635709 -2.445061
v -0.005609 1.637059 2.267037
v -0.005605 1.637058 -2.445061
v -0.001453 1.635710 2.267037
v 0.002707 1.637058 -2.445061
v 0.002702 1.637059 2.267037
v 0.005275 1.640595 -2.445066
v 0.002702 1.637059 2.267037
v 0.002707 1.637058 -2.445061
v 0.005270 1.640596 2.267037
v 0.005275 1.644964 -2.445066
v 0.005270 1.644965 2.267037
v 0.002707 1.648499 -2.445061
v 0.002702 1.648500 2.267037
v -0.001449 1.649850 -2.445061
v -0.001453 1.649851 2.267037
v -0.005605 1.648499 -2.445061
v -0.005609 1.648500 2.267037
v -0.008173 1.644964 -2.445061
v -0.008177 1.644965 2.267037
v -0.008173 1.640595 -2.445061
v -0.008177 1.640596 2.267037
v -0.005605 1.637058 -2.445061
v -0.005609 1.637059 2.267037
v 0.005275 1.963078 -2.445066
v 0.002702 1.959542 2.267037
v 0.002707 1.959541 -2.445061
v 0.005270 1.963078 2.267037
v 0.005275 1.967447 -2.445066
v 0.005270 1.967448 2.267037
v 0.002707 1.970982 -2.445061
v 0.002702 1.970983 2.267037
v -0.001449 1.972334 -2.445061
v -0.001453 1.972335 2.267037
v -0.005605 1.970982 -2.445061
v -0.005609 1.970983 2.267037
v -0.008173 1.967447 -2.445061
v -0.008177 1.967448 2.267037
v -0.008173 1.963078 -2.445061
v -0.008177 1.963078 2.267037
v -0.005605 1.959541 -2.445061
v -0.005609 1.959542 2.267037
v -0.001449 1.958192 -2.445061
v -0.005609 1.959542 2.267037
v -0.005605 1.959541 -2.445061
v -0.001453 1.958193 2.267037
v 0.002707 1.959541 -2.445061
v 0.002702 1.959542 2.267037
v 0.115481 3.846842 0.007988
v 0.115481 3.853276 0.003312
v 0.114603 3.852624 0.002841
v 0.114603 3.846593 0.007222
v 0.115481 3.838889 0.007988
v 0.114603 3.839138 0.007222
v 0.115481 3.832457 0.003312
v 0.114603 3.833108 0.002841
v 0.115481 3.829998 -0.004251
v 0.114603 3.830803 -0.004251
v 0.115481 3.832457 -0.011814
v 0.114603 3.833108 -0.011340
v 0.115481 3.838889 -0.016487
v 0.114603 3.839138 -0.015721
v 0.115481 3.846842 -0.016487
v 0.114603 3.846593 -0.015721
v 0.115481 3.853276 -0.011814
v 0.114603 3.852624 -0.011340
v 0.115481 3.855734 -0.004251
v 0.114603 3.854929 -0.004251
v 0.219066 3.849140 0.016279
v 0.223350 3.846303 0.007493
v 0.223350 3.852037 0.003346
v 0.219066 3.859495 0.008788
v 0.223350 3.854240 -0.003378
v 0.219066 3.863470 -0.003358
v 0.223350 3.852065 -0.010112
v 0.219066 3.859546 -0.015523
v 0.223350 3.846354 -0.014281
v 0.219066 3.849228 -0.023054
v 0.223350 3.839277 -0.014299
v 0.219066 3.836442 -0.023083
v 0.223350 3.833550 -0.010150
v 0.219066 3.826091 -0.015593
v 0.223350 3.831347 -0.003428
v 0.219066 3.822112 -0.003448
v 0.223350 3.833516 0.003306
v 0.219066 3.826035 0.008716
v 0.223350 3.839233 0.007477
v 0.219066 3.836358 0.016250
v 0.223350 3.842790 -0.003403
v 0.004844 0.449012 2.323779
v -0.017372 3.353118 2.302847
v -0.013379 0.448949 2.327339
v 0.000852 3.353182 2.299287
v 0.017495 0.448965 2.310183
v 0.013503 3.353136 2.285691
v 0.019739 0.448825 2.291749
v 0.015747 3.352996 2.267257
v 0.010720 0.448647 2.275517
v 0.006728 3.352817 2.251025
v -0.006120 0.448497 2.267688
v -0.010112 3.352667 2.243194
v -0.024344 0.448434 2.271251
v -0.028336 3.352603 2.246759
v -0.036995 0.448481 2.284847
v -0.040986 3.352652 2.260355
v -0.039238 0.448620 2.303281
v -0.043230 3.352791 2.278789
v -0.030217 0.448799 2.319510
v -0.034209 3.352969 2.295019
v -0.013379 0.448949 2.327339
v -0.017372 3.353118 2.302847
v 0.091234 3.879426 -0.031255
v 0.108614 3.879426 -0.049044
v 0.091234 3.879426 -0.049044
v 0.108614 3.879426 -0.031255
v 0.091234 3.879426 0.023652
v 0.108614 3.879426 0.023652
v 0.091234 3.879426 0.041446
v 0.108614 3.879426 0.041446
v 0.006591 3.879426 0.041446
v 0.023971 3.879426 0.041446
v 0.023971 3.879426 0.023652
v 0.006591 3.879426 0.023652
v 0.023971 3.879426 -0.031255
v 0.006591 3.879426 -0.031255
v 0.023971 3.879426 -0.049044
v 0.006591 3.879426 -0.049044
v 0.005275 2.284303 -2.445066
v 0.002702 2.280768 2.267037
v 0.002707 2.280767 -2.445061
v 0.005270 2.284304 2.267037
v 0.005275 2.288673 -2.445066
v 0.005270 2.288674 2.267037
v 0.002707 2.292207 -2.445061
v 0.002702 2.292208 2.267037
v -0.001449 2.293559 -2.445061
v -0.001453 2.293560 2.267037
v -0.005605 2.292207 -2.445061
v -0.005609 2.292208 2.267037
v -0.008173 2.288673 -2.445061
v -0.008177 2.288674 2.267037
v -0.008173 2.284303 -2.445061
v -0.008177 2.284304 2.267037
v -0.005605 2.280767 -2.445061
v -0.005609 2.280768 2.267037
v -0.001449 2.279418 -2.445061
v -0.005609 2.280768 2.267037
v -0.005605 2.280767 -2.445061
v -0.001453 2.279418 2.267037
v 0.002707 2.280767 -2.445061
v 0.002702 2.280768 2.267037
v 0.104900 3.584529 -0.001785
v 0.146551 3.584823 -0.004875
v 0.104900 3.584529 -0.004873
v 0.146551 3.584823 -0.001783
v 0.148612 3.585723 -0.004875
v 0.148612 3.585723 -0.001783
v 0.157034 3.844394 -0.008302
v 0.085699 3.844770 -0.008571
v 0.085699 3.847111 -0.006865
v 0.157034 3.846970 -0.006425
v 0.085703 3.847791 -0.003832
v 0.157034 3.847946 -0.003392
v 0.085703 3.846573 -0.000645
v 0.157034 3.846952 -0.000366
v 0.157034 3.841186 0.001496
v 0.085699 3.840812 0.001766
v 0.085699 3.838470 0.000060
v 0.157034 3.838617 -0.000384
v 0.085703 3.837789 -0.002975
v 0.157034 3.837634 -0.003415
v 0.085703 3.839009 -0.006166
v 0.157034 3.838627 -0.006443
v 0.085703 3.841677 -0.008298
v 0.157034 3.841209 -0.008309
v 0.167328 3.837907 0.011520
v 0.157034 3.837945 0.011402
v 0.157034 3.830164 0.005728
v 0.167328 3.830071 0.005800
v 0.157034 3.827211 -0.003437
v 0.167328 3.827089 -0.003437
v 0.157034 3.830209 -0.012589
v 0.167328 3.830109 -0.012661
v 0.157034 3.838012 -0.018232
v 0.167328 3.837973 -0.018346
v 0.157034 3.847641 -0.018211
v 0.167328 3.847675 -0.018326
v 0.167328 3.847675 -0.018326
v 0.157034 3.847641 -0.018211
v 0.157034 3.855417 -0.012535
v 0.167328 3.855511 -0.012607
v 0.167328 3.858497 -0.003367
v 0.157034 3.858370 -0.003369
v 0.157034 3.855378 0.005782
v 0.167328 3.855478 0.005854
v 0.157034 3.847574 0.011425
v 0.167328 3.847614 0.011540
v 0.157034 3.837945 0.011402
v 0.167328 3.837907 0.011520
v -0.001051 1.074341 -2.346790
v 0.000740 1.066015 -2.343396
v -0.001051 1.066015 -2.343396
v 0.000739 1.074341 -2.346790
v -0.001048 1.241094 -2.347123
v 0.000742 1.241093 -2.347123
v -0.001048 1.248825 -2.342553
v 0.000743 1.248824 -2.342553
v 0.114603 3.584249 0.008155
v 0.114324 3.583255 0.005092
v 0.114324 3.577790 0.005092
v 0.114603 3.576795 0.008155
v 0.114324 3.573370 0.001881
v 0.114603 3.570764 0.003774
v 0.114324 3.571681 -0.003318
v 0.114603 3.568461 -0.003318
v 0.114324 3.573370 -0.008514
v 0.114603 3.570764 -0.010407
v 0.114324 3.577790 -0.011726
v 0.114603 3.576795 -0.014788
v 0.114324 3.583255 -0.011726
v 0.114603 3.584249 -0.014788
v 0.114324 3.587676 -0.008514
v 0.114603 3.590281 -0.010407
v 0.114324 3.589365 -0.003318
v 0.114603 3.592586 -0.003318
v 0.114324 3.587676 0.001881
v 0.114603 3.590281 0.003774
v 0.114603 3.770819 0.007222
v 0.114324 3.769824 0.004160
v 0.114324 3.764358 0.004160
v 0.114603 3.763363 0.007222
v 0.114324 3.759938 0.000946
v 0.114603 3.757333 0.002841
v 0.114324 3.758250 -0.004251
v 0.114603 3.755029 -0.004251
v 0.114324 3.759938 -0.009447
v 0.114603 3.757333 -0.011340
v 0.114324 3.764358 -0.012659
v 0.114603 3.763363 -0.015721
v 0.114324 3.769824 -0.012659
v 0.114603 3.770819 -0.015721
v 0.114324 3.774245 -0.009447
v 0.114603 3.776850 -0.011340
v 0.114324 3.775933 -0.004251
v 0.114603 3.779155 -0.004251
v 0.114324 3.774245 0.000946
v 0.114603 3.776850 0.002841
v -0.010562 0.960069 0.022857
v -0.010562 0.974316 0.012502
v -0.020862 0.972011 0.010828
v -0.020864 0.959186 0.020146
v -0.010562 0.942452 0.022857
v -0.020862 0.943332 0.020146
v -0.010562 0.928201 0.012502
v -0.020864 0.930506 0.010828
v -0.010562 0.922758 -0.004250
v -0.020864 0.925607 -0.004250
v -0.010562 0.928201 -0.021003
v -0.020864 0.930506 -0.019326
v -0.020862 0.943332 -0.028645
v -0.020864 0.959186 -0.028645
v -0.020862 0.972011 -0.019326
v -0.020862 0.976910 -0.004250
v -0.010562 0.942452 -0.031356
v -0.010562 0.960069 -0.031356
v -0.010562 0.974316 -0.021003
v -0.010562 0.979763 -0.004250
v 0.167328 3.858497 -0.003367
v 0.167328 3.855478 0.005854
v 0.167328 3.864869 0.012709
v 0.167328 3.870125 -0.003345
v 0.167328 3.855511 -0.012607
v 0.167328 3.864941 -0.019421
v 0.167328 3.847675 -0.018326
v 0.167328 3.851292 -0.029382
v 0.167328 3.837973 -0.018346
v 0.167328 3.834399 -0.029418
v 0.167328 3.830109 -0.012661
v 0.167328 3.820713 -0.019518
v 0.167328 3.827089 -0.003437
v 0.167328 3.815456 -0.003462
v 0.167328 3.830071 0.005800
v 0.167328 3.820645 0.012615
v 0.167328 3.837907 0.011520
v 0.167328 3.834288 0.022575
v 0.167328 3.847614 0.011540
v 0.167328 3.851182 0.022611
v 0.007364 2.612293 -0.015762
v -0.007999 2.622087 -0.022876
v 0.007364 2.622087 -0.022876
v -0.007999 2.612293 -0.015762
v 0.007364 2.608553 -0.004251
v -0.007999 2.608553 -0.004251
v 0.007364 2.612293 0.007260
v -0.007999 2.612293 0.007260
v 0.213841 3.818980 -0.003455
v 0.181763 3.818969 -0.003453
v 0.181763 3.823549 -0.017447
v 0.213841 3.823560 -0.017440
v 0.181763 3.835482 -0.026076
v 0.213841 3.835482 -0.026065
v 0.181763 3.850206 -0.026042
v 0.213841 3.850200 -0.026033
v 0.181763 3.862094 -0.017362
v 0.213841 3.862087 -0.017357
v 0.181763 3.866617 -0.003349
v 0.213841 3.866606 -0.003351
v 0.181763 3.862032 0.010641
v 0.213841 3.862026 0.010634
v 0.181763 3.850105 0.019269
v 0.213841 3.850100 0.019258
v 0.181763 3.835381 0.019236
v 0.213841 3.835387 0.019227
v 0.181763 3.823487 0.010557
v 0.213841 3.823499 0.010553
v 0.181763 3.818969 -0.003453
v 0.213841 3.818980 -0.003455
v 0.219066 3.826035 0.008716
v 0.219066 3.822112 -0.003448
v 0.219066 3.836358 0.016250
v 0.219066 3.849140 0.016279
v 0.219066 3.859495 0.008788
v 0.219066 3.863470 -0.003358
v 0.219066 3.859546 -0.015523
v 0.219066 3.849228 -0.023054
v 0.219066 3.836442 -0.023083
v 0.219066 3.826091 -0.015593
v 0.219066 3.822112 -0.003448
v 0.107387 3.845598 -0.012659
v 0.114324 3.845598 -0.012659
v 0.114324 3.840133 -0.012659
v 0.107387 3.840133 -0.012659
v 0.115481 3.838889 -0.016487
v 0.115481 3.846842 -0.016487
v 0.120130 3.846445 -0.015264
v 0.120132 3.852236 -0.011056
v 0.115481 3.853276 -0.011814
v 0.120132 3.854447 -0.004251
v 0.115481 3.855734 -0.004251
v 0.120132 3.852236 0.002557
v 0.115481 3.853276 0.003312
v 0.120130 3.846445 0.006765
v 0.115481 3.846842 0.007988
v 0.120132 3.839288 0.006765
v 0.115481 3.838889 0.007988
v 0.120130 3.833497 0.002557
v 0.115481 3.832457 0.003312
v 0.120130 3.831286 -0.004251
v 0.115481 3.829998 -0.004251
v 0.120130 3.833497 -0.011056
v 0.115481 3.832457 -0.011814
v 0.120132 3.839288 -0.015264
v 0.007364 3.808004 -0.022876
v -0.007999 3.808004 -0.022876
v -0.007999 3.820110 -0.022876
v 0.007364 3.820110 -0.022876
v -0.010562 3.822865 -0.031356
v -0.010562 3.805249 -0.031356
v -0.020862 3.806129 -0.028645
v -0.020864 3.793302 -0.019327
v -0.010562 3.790997 -0.021003
v -0.020864 3.788404 -0.004251
v -0.010562 3.785554 -0.004251
v -0.020864 3.793302 0.010828
v -0.010562 3.790997 0.012502
v -0.020862 3.806129 0.020146
v -0.010562 3.805249 0.022857
v -0.020864 3.821982 0.020146
v -0.010562 3.822865 0.022857
v -0.020862 3.834809 0.010828
v -0.010562 3.837114 0.012502
v -0.020862 3.839706 -0.004251
v -0.010562 3.842560 -0.004251
v -0.020862 3.834809 -0.019327
v -0.010562 3.837114 -0.021003
v -0.020864 3.821982 -0.028645
v 0.007364 2.634192 -0.022876
v -0.007999 2.634192 -0.022876
v -0.007999 2.643981 -0.015762
v 0.007363 2.643981 -0.015762
v -0.007999 2.647722 -0.004251
v 0.007364 2.647722 -0.004251
v -0.007999 2.643981 0.007260
v 0.007363 2.643981 0.007260
v -0.007999 2.634192 0.014375
v 0.007364 2.634192 0.014375
v -0.008618 0.959517 -0.029661
v -0.007999 0.957313 -0.022876
v -0.007999 0.945208 -0.022876
v -0.008618 0.943004 -0.029661
v -0.007999 0.935415 -0.015761
v -0.008618 0.929644 -0.019953
v -0.007999 0.931674 -0.004250
v -0.008618 0.924540 -0.004250
v -0.007999 0.935415 0.007261
v -0.008618 0.929644 0.011454
v -0.007999 0.945208 0.014375
v -0.008618 0.943004 0.021160
v -0.007999 0.957313 0.014375
v -0.008618 0.959517 0.021160
v -0.007999 0.967103 0.007261
v -0.008618 0.972873 0.011454
v -0.007999 0.970843 -0.004250
v -0.008618 0.977978 -0.004250
v -0.007999 0.967103 -0.015761
v -0.008618 0.972873 -0.019953
v 0.007364 2.622087 0.014375
v -0.007999 2.612293 0.007260
v 0.007364 2.612293 0.007260
v -0.007999 2.622087 0.014375
v 0.007364 2.634192 0.014375
v -0.007999 2.634192 0.014375
v -0.010562 0.620837 0.022857
v -0.010562 0.606586 0.012502
v -0.008618 0.608028 0.011455
v -0.008618 0.621389 0.021160
v -0.010562 0.638453 0.022857
v -0.008618 0.637902 0.021160
v -0.010562 0.652701 0.012502
v -0.008618 0.651258 0.011455
v -0.010562 0.658148 -0.004250
v -0.008618 0.656362 -0.004250
v -0.010562 0.652701 -0.021003
v -0.008618 0.651258 -0.019953
v -0.010562 0.638453 -0.031356
v -0.008618 0.637902 -0.029661
v -0.010562 0.620837 -0.031356
v -0.008618 0.621389 -0.029661
v -0.010562 0.606586 -0.021003
v -0.008618 0.608028 -0.019953
v -0.010562 0.601142 -0.004250
v -0.008618 0.602924 -0.004250
v 0.007364 0.623592 -0.022876
v -0.007999 0.623592 -0.022876
v -0.007999 0.635698 -0.022876
v 0.007364 0.635698 -0.022876
v -0.010562 0.638453 -0.031356
v -0.010562 0.620837 -0.031356
v -0.020862 0.621717 -0.028645
v -0.020864 0.608890 -0.019326
v -0.010562 0.606586 -0.021003
v -0.020864 0.603992 -0.004250
v -0.010562 0.601142 -0.004250
v -0.020864 0.608890 0.010828
v -0.010562 0.606586 0.012502
v -0.020862 0.621717 0.020146
v -0.010562 0.620837 0.022857
v -0.020864 0.637569 0.020146
v -0.010562 0.638453 0.022857
v -0.020862 0.650396 0.010828
v -0.010562 0.652701 0.012502
v -0.020862 0.655294 -0.004250
v -0.010562 0.658148 -0.004250
v -0.020862 0.650396 -0.019326
v -0.010562 0.652701 -0.021003
v -0.020864 0.637569 -0.028645
v 0.007364 0.945208 -0.022876
v -0.007999 0.945208 -0.022876
v -0.007999 0.957313 -0.022876
v 0.007364 0.957313 -0.022876
v -0.046307 1.809243 -0.050635
v -0.060403 2.101822 -0.057884
v -0.062927 2.101772 -0.058768
v -0.048829 1.809145 -0.051516
v -0.053256 1.525121 -0.003268
v -0.050738 1.525072 -0.002380
v -0.061893 1.173684 0.013807
v -0.064415 1.173711 0.012917
v -0.156549 0.632854 0.023175
v -0.159065 0.632910 0.022285
v -0.197292 0.511370 0.055822
v -0.199817 0.511353 0.054950
v -0.190061 -0.047110 0.067162
v -0.187544 -0.046992 0.068020
v -0.185542 -0.046924 0.066260
v -0.195272 0.511265 0.054087
v -0.154540 0.632680 0.021458
v -0.059866 1.173610 0.012072
v -0.048711 1.524999 -0.004115
v -0.044279 1.809225 -0.052377
v -0.058376 2.101869 -0.059629
v -0.087182 2.514234 -0.025688
v -0.089211 2.514143 -0.023951
v -0.091712 2.514577 -0.024792
v -0.067953 3.058941 -0.022083
v -0.035064 3.386396 -0.005350
v -0.068459 3.059049 -0.024704
v -0.033727 3.386334 -0.007665
v -0.065430 3.058812 -0.021211
v -0.063411 3.058797 -0.022959
v -0.031059 3.386212 -0.007665
v -0.029722 3.386151 -0.005350
v -0.011986 3.806760 -0.005107
v -0.009980 3.806666 -0.005107
v -0.063411 3.058797 -0.022959
v -0.087652 2.514763 -0.028269
v -0.063914 3.058905 -0.025580
v -0.087182 2.514234 -0.025688
v -0.058873 2.101871 -0.062254
v -0.058376 2.101869 -0.059629
v -0.044775 1.809117 -0.055004
v -0.044279 1.809225 -0.052377
v -0.049207 1.524979 -0.006741
v -0.048711 1.524999 -0.004115
v -0.060364 1.173567 0.009442
v -0.059866 1.173610 0.012072
v -0.155046 0.632564 0.018846
v -0.154540 0.632680 0.021458
v -0.195783 0.511146 0.051475
v -0.195272 0.511265 0.054087
v -0.186055 -0.046974 0.063639
v -0.185542 -0.046924 0.066260
v -0.200324 0.511234 0.052338
v -0.199817 0.511353 0.054950
v -0.159065 0.632910 0.022285
v -0.190061 -0.047110 0.067162
v -0.190577 -0.047156 0.064543
v -0.048829 1.809145 -0.051516
v -0.062927 2.101772 -0.058768
v -0.063422 2.101774 -0.061395
v -0.092183 2.515107 -0.027367
v -0.091712 2.514577 -0.024792
v -0.067953 3.058941 -0.022083
v -0.068459 3.059049 -0.024704
v -0.066437 3.059032 -0.026457
v -0.090154 2.515199 -0.029105
v -0.061395 2.101821 -0.063137
v -0.049323 1.809038 -0.054141
v -0.053750 1.525101 -0.005898
v -0.053256 1.525121 -0.003268
v -0.064415 1.173711 0.012917
v -0.064910 1.173671 0.010292
v -0.159571 0.632794 0.019673
v -0.198310 0.511129 0.050603
v -0.188574 -0.047091 0.062779
v -0.047298 1.809020 -0.055883
v -0.051725 1.525028 -0.007633
v -0.062886 1.173597 0.008556
v -0.157565 0.632618 0.017956
v 0.181735 3.834332 0.022440
v 0.167328 3.834288 0.022575
v 0.167328 3.820645 0.012615
v 0.181735 3.820756 0.012531
v 0.167328 3.815456 -0.003462
v 0.181735 3.815602 -0.003462
v 0.167328 3.820713 -0.019518
v 0.181735 3.820829 -0.019435
v 0.167328 3.834399 -0.029418
v 0.181735 3.834443 -0.029283
v 0.167328 3.851292 -0.029382
v 0.181735 3.851249 -0.029247
v 0.167328 3.864941 -0.019421
v 0.181735 3.864824 -0.019340
v 0.181763 3.850206 -0.026042
v 0.181763 3.862094 -0.017362
v 0.181763 3.835381 0.019236
v 0.181763 3.823487 0.010557
v 0.181763 3.818969 -0.003453
v 0.181763 3.823549 -0.017447
v 0.181763 3.835482 -0.026076
v 0.181735 3.834332 0.022440
v 0.181763 3.835381 0.019236
v 0.181763 3.850105 0.019269
v 0.181735 3.851137 0.022478
v 0.181763 3.862032 0.010641
v 0.181735 3.864758 0.012628
v 0.181763 3.866617 -0.003349
v 0.181735 3.869985 -0.003345
v 0.181763 3.862094 -0.017362
v 0.181735 3.864824 -0.019340
v 0.167328 3.870125 -0.003345
v 0.167328 3.864941 -0.019421
v 0.167328 3.834288 0.022575
v 0.167328 3.851182 0.022611
v 0.167328 3.864869 0.012709
v -0.010562 1.282295 0.022857
v -0.010562 1.268044 0.012502
v -0.008618 1.269487 0.011454
v -0.008618 1.282847 0.021160
v -0.010562 1.299911 0.022857
v -0.008618 1.299361 0.021160
v -0.010562 1.314160 0.012502
v -0.008618 1.312717 0.011454
v -0.010562 1.319606 -0.004250
v -0.008618 1.317820 -0.004250
v -0.010562 1.314160 -0.021003
v -0.008618 1.312717 -0.019953
v -0.010562 1.299911 -0.031356
v -0.008618 1.299361 -0.029661
v -0.010562 1.282295 -0.031356
v -0.008618 1.282847 -0.029661
v -0.010562 1.268044 -0.021003
v -0.008618 1.269487 -0.019953
v -0.010562 1.262601 -0.004250
v -0.008618 1.264383 -0.004250
v 0.007364 1.285051 -0.022876
v -0.007999 1.285051 -0.022876
v -0.007999 1.297156 -0.022876
v 0.007364 1.297156 -0.022876
v -0.010562 1.299911 -0.031356
v -0.010562 1.282295 -0.031356
v -0.020862 1.283176 -0.028645
v -0.020864 1.270349 -0.019326
v -0.010562 1.268044 -0.021003
v -0.020864 1.265450 -0.004250
v -0.010562 1.262601 -0.004250
v -0.020864 1.270349 0.010828
v -0.010562 1.268044 0.012502
v -0.020862 1.283176 0.020146
v -0.010562 1.282295 0.022857
v -0.020864 1.299028 0.020146
v -0.010562 1.299911 0.022857
v -0.020862 1.311855 0.010828
v -0.010562 1.314160 0.012502
v -0.020862 1.316752 -0.004250
v -0.010562 1.319606 -0.004250
v -0.020862 1.311855 -0.019326
v -0.010562 1.314160 -0.021003
v -0.020864 1.299028 -0.028645
v 0.007364 1.635204 -0.022876
v -0.007999 1.635204 -0.022876
v -0.007999 1.647308 -0.022876
v 0.007364 1.647308 -0.022876
v -0.010562 1.650064 -0.031356
v -0.010562 1.632447 -0.031356
v -0.020862 1.633328 -0.028645
v -0.020864 1.620501 -0.019327
v -0.010562 1.618196 -0.021003
v -0.020864 1.615603 -0.004250
v -0.010562 1.612753 -0.004250
v -0.020864 1.620501 0.010828
v -0.010562 1.618196 0.012502
v -0.020862 1.633328 0.020146
v -0.010562 1.632447 0.022857
v -0.020864 1.649180 0.020146
v -0.010562 1.650064 0.022857
v -0.020862 1.662007 0.010828
v -0.010562 1.664312 0.012502
v -0.020862 1.666905 -0.004250
v -0.010562 1.669759 -0.004250
v -0.020862 1.662007 -0.019327
v -0.010562 1.664312 -0.021003
v -0.020864 1.649180 -0.028645
v 0.316708 0.389143 2.334301
v 0.461545 0.000258 2.362285
v 0.491557 0.000258 2.339331
v 0.292649 0.370399 2.362285
v -0.182455 0.000258 2.362284
v -0.182455 0.409715 2.362284
v 0.236031 0.414071 2.362285
v -0.182455 0.470476 2.362284
v -0.182455 0.500488 2.334300
v 0.261402 0.439162 2.334301
v -0.010562 1.951694 0.022857
v -0.010562 1.937442 0.012502
v -0.008618 1.938885 0.011454
v -0.008618 1.952246 0.021160
v -0.010562 1.969311 0.022857
v -0.008618 1.968758 0.021160
v -0.010562 1.983558 0.012502
v -0.008618 1.982116 0.011454
v -0.010562 1.989004 -0.004250
v -0.008618 1.987219 -0.004250
v -0.010562 1.983558 -0.021003
v -0.008618 1.982116 -0.019953
v -0.010562 1.969311 -0.031356
v -0.008618 1.968758 -0.029661
v -0.010562 1.951694 -0.031356
v -0.008618 1.952246 -0.029661
v -0.010562 1.937442 -0.021003
v -0.008618 1.938885 -0.019953
v -0.010562 1.931999 -0.004250
v -0.008618 1.933782 -0.004250
v 0.007364 1.954449 -0.022876
v -0.007999 1.954449 -0.022876
v -0.007999 1.966555 -0.022876
v 0.007364 1.966555 -0.022876
v 0.005275 2.628570 -2.445066
v 0.002702 2.625034 2.267037
v 0.002707 2.625034 -2.445061
v 0.005270 2.628571 2.267037
v 0.005275 2.632940 -2.445066
v 0.005270 2.632940 2.267037
v 0.002707 2.636475 -2.445061
v 0.002702 2.636475 2.267037
v -0.001449 2.637826 -2.445061
v -0.001453 2.637827 2.267037
v -0.005605 2.636475 -2.445061
v -0.005609 2.636475 2.267037
v -0.008173 2.632940 -2.445061
v -0.008177 2.632940 2.267037
v -0.008173 2.628570 -2.445061
v -0.008177 2.628571 2.267037
v -0.005605 2.625034 -2.445061
v -0.005609 2.625034 2.267037
v -0.001449 2.623684 -2.445061
v -0.005609 2.625034 2.267037
v -0.005605 2.625034 -2.445061
v -0.001453 2.623685 2.267037
v 0.002707 2.625034 -2.445061
v 0.002702 2.625034 2.267037
v -0.010562 2.274717 0.022857
v -0.010562 2.260466 0.012502
v -0.008618 2.261909 0.011454
v -0.008618 2.275269 0.021160
v -0.010562 2.292333 0.022857
v -0.008618 2.291782 0.021160
v -0.010562 2.306581 0.012502
v -0.008618 2.305139 0.011454
v -0.010562 2.312027 -0.004251
v -0.008618 2.310242 -0.004251
v -0.010562 2.306581 -0.021003
v -0.008618 2.305139 -0.019953
v -0.010562 2.292333 -0.031356
v -0.008618 2.291782 -0.029661
v -0.010562 2.274717 -0.031356
v -0.008618 2.275269 -0.029661
v -0.010562 2.260466 -0.021003
v -0.008618 2.261909 -0.019953
v -0.010562 2.255023 -0.004251
v -0.008618 2.256804 -0.004251
v 0.007364 2.277473 -0.022876
v -0.007999 2.277473 -0.022876
v -0.007999 2.289578 -0.022876
v 0.007364 2.289578 -0.022876
v -0.010562 2.292333 -0.031356
v -0.010562 2.274717 -0.031356
v -0.020862 2.275598 -0.028645
v -0.020864 2.262771 -0.019327
v -0.010562 2.260466 -0.021003
v -0.020864 2.257872 -0.004251
v -0.010562 2.255023 -0.004251
v -0.020864 2.262771 0.010828
v -0.010562 2.260466 0.012502
v -0.020862 2.275598 0.020146
v -0.010562 2.274717 0.022857
v -0.020864 2.291450 0.020146
v -0.010562 2.292333 0.022857
v -0.020862 2.304276 0.010828
v -0.010562 2.306581 0.012502
v -0.020862 2.309174 -0.004251
v -0.010562 2.312027 -0.004251
v -0.020862 2.304276 -0.019327
v -0.010562 2.306581 -0.021003
v -0.020864 2.291450 -0.028645
v 0.005275 2.962486 -2.445066
v 0.002702 2.958949 2.267037
v 0.002707 2.958949 -2.445061
v 0.005270 2.962486 2.267037
v 0.005275 2.966855 -2.445066
v 0.005270 2.966855 2.267037
v 0.002707 2.970390 -2.445061
v 0.002702 2.970391 2.267037
v -0.001449 2.971741 -2.445061
v -0.001453 2.971742 2.267037
v -0.005605 2.970390 -2.445061
v -0.005609 2.970391 2.267037
v -0.008173 2.966855 -2.445061
v -0.008177 2.966855 2.267037
v -0.008173 2.962486 -2.445061
v -0.008177 2.962486 2.267037
v -0.005605 2.958949 -2.445061
v -0.005609 2.958949 2.267037
v -0.001449 2.957599 -2.445061
v -0.005609 2.958949 2.267037
v -0.005605 2.958949 -2.445061
v -0.001453 2.957600 2.267037
v 0.002707 2.958949 -2.445061
v 0.002702 2.958949 2.267037
v -0.010562 2.619331 0.022857
v -0.010562 2.605080 0.012502
v -0.008618 2.606522 0.011454
v -0.008618 2.619883 0.021160
v -0.010562 2.636948 0.022857
v -0.008618 2.636396 0.021160
v -0.010562 2.651195 0.012502
v -0.008618 2.649752 0.011454
v -0.010562 2.656642 -0.004251
v -0.008618 2.654857 -0.004251
v -0.010562 2.651195 -0.021003
v -0.008618 2.649752 -0.019953
v -0.010562 2.636948 -0.031356
v -0.008618 2.636396 -0.029661
v -0.010562 2.619331 -0.031356
v -0.008618 2.619883 -0.029661
v -0.010562 2.605080 -0.021003
v -0.008618 2.606522 -0.019953
v -0.010562 2.599636 -0.004251
v -0.008618 2.601419 -0.004251
v 0.007364 2.622087 -0.022876
v -0.007999 2.622087 -0.022876
v -0.007999 2.634192 -0.022876
v 0.007364 2.634192 -0.022876
v -0.010562 2.636948 -0.031356
v -0.010562 2.619331 -0.031356
v -0.020862 2.620211 -0.028645
v -0.020864 2.607385 -0.019327
v -0.010562 2.605080 -0.021003
v -0.020864 2.602486 -0.004251
v -0.010562 2.599636 -0.004251
v -0.020864 2.607385 0.010828
v -0.010562 2.605080 0.012502
v -0.020862 2.620211 0.020146
v -0.010562 2.619331 0.022857
v -0.020864 2.636065 0.020146
v -0.010562 2.636948 0.022857
v -0.020862 2.648890 0.010828
v -0.010562 2.651195 0.012502
v -0.020862 2.653789 -0.004251
v -0.010562 2.656642 -0.004251
v -0.020862 2.648890 -0.019327
v -0.010562 2.651195 -0.021003
v -0.020864 2.636065 -0.028645
v 0.144568 3.771005 -0.017461
v 0.134871 3.770974 -0.017353
v 0.134871 3.778298 -0.012005
v 0.144568 3.778388 -0.012073
v 0.144568 3.781200 -0.003369
v 0.134871 3.781079 -0.003372
v 0.134871 3.778262 0.005248
v 0.144568 3.778356 0.005316
v 0.134871 3.770911 0.010564
v 0.144568 3.770947 0.010672
v 0.134871 3.761840 0.010544
v 0.144568 3.761804 0.010654
v 0.007364 3.301425 -0.022876
v -0.007999 3.301425 -0.022876
v -0.007999 3.313530 -0.022876
v 0.007364 3.313530 -0.022876
v -0.010562 3.316286 -0.031356
v -0.010562 3.298670 -0.031356
v -0.020862 3.299549 -0.028645
v -0.020864 3.286723 -0.019327
v -0.010562 3.284418 -0.021003
v -0.020864 3.281824 -0.004251
v -0.010562 3.278975 -0.004251
v -0.020864 3.286723 0.010828
v -0.010562 3.284418 0.012502
v -0.020862 3.299549 0.020146
v -0.010562 3.298670 0.022857
v -0.020864 3.315402 0.020146
v -0.010562 3.316286 0.022857
v -0.020862 3.328229 0.010828
v -0.010562 3.330533 0.012502
v -0.020862 3.333127 -0.004251
v -0.010562 3.335980 -0.004251
v -0.020862 3.328229 -0.019327
v -0.010562 3.330533 -0.021003
v -0.020864 3.315402 -0.028645
v 0.005275 3.308166 -2.445066
v 0.002702 3.304629 2.267037
v 0.002707 3.304629 -2.445061
v 0.005270 3.308166 2.267037
v 0.005275 3.312536 -2.445066
v 0.005270 3.312536 2.267037
v 0.002707 3.316070 -2.445061
v 0.002702 3.316071 2.267037
v -0.001449 3.317421 -2.445061
v -0.001453 3.317422 2.267037
v -0.005605 3.316070 -2.445061
v -0.005609 3.316071 2.267037
v -0.008173 3.312536 -2.445061
v -0.008177 3.312536 2.267037
v -0.008173 3.308166 -2.445061
v -0.008177 3.308166 2.267037
v -0.005605 3.304629 -2.445061
v -0.005609 3.304629 2.267037
v -0.001449 3.303279 -2.445061
v -0.005609 3.304629 2.267037
v -0.005605 3.304629 -2.445061
v -0.001453 3.303280 2.267037
v 0.002707 3.304629 -2.445061
v 0.002702 3.304629 2.267037
v -0.010562 2.953387 0.022857
v -0.010562 2.939137 0.012502
v -0.008618 2.940579 0.011454
v -0.008618 2.953940 0.021160
v -0.010562 2.971005 0.022857
v -0.008618 2.970453 0.021160
v -0.010562 2.985252 0.012502
v -0.008618 2.983809 0.011454
v -0.010562 2.990699 -0.004251
v -0.008618 2.988914 -0.004251
v -0.010562 2.985252 -0.021003
v -0.008618 2.983809 -0.019953
v -0.010562 2.971005 -0.031356
v -0.008618 2.970453 -0.029661
v -0.010562 2.953387 -0.031356
v -0.008618 2.953940 -0.029661
v -0.010562 2.939137 -0.021003
v -0.008618 2.940579 -0.019953
v -0.010562 2.933693 -0.004251
v -0.008618 2.935476 -0.004251
v 0.007364 2.956144 -0.022876
v -0.007999 2.956144 -0.022876
v -0.007999 2.968249 -0.022876
v 0.007364 2.968249 -0.022876
v -0.010562 2.971005 -0.031356
v -0.010562 2.953387 -0.031356
v -0.020862 2.954268 -0.028645
v -0.020864 2.941442 -0.019327
v -0.010562 2.939137 -0.021003
v -0.020864 2.936543 -0.004251
v -0.010562 2.933693 -0.004251
v -0.020864 2.941442 0.010828
v -0.010562 2.939137 0.012502
v -0.020862 2.954268 0.020146
v -0.010562 2.953387 0.022857
v -0.020864 2.970121 0.020146
v -0.010562 2.971005 0.022857
v -0.020862 2.982948 0.010828
v -0.010562 2.985252 0.012502
v -0.020862 2.987846 -0.004251
v -0.010562 2.990699 -0.004251
v -0.020862 2.982948 -0.019327
v -0.010562 2.985252 -0.021003
v -0.020864 2.970121 -0.028645
v 0.088076 3.765949 -0.008100
v 0.088071 3.768917 -0.008363
v 0.134871 3.767916 -0.008019
v 0.134871 3.764915 -0.008025
v -0.009054 1.289478 -1.976838
v -0.006030 1.283673 -1.976790
v -0.006029 1.283739 -1.968558
v -0.009053 1.289544 -1.968608
v -0.008188 1.295804 -1.968657
v -0.008188 1.295738 -1.976889
v -0.003254 1.298529 -1.976910
v -0.003254 1.298594 -1.968680
v 0.002155 1.297482 -1.976905
v 0.002157 1.297547 -1.968673
v 0.005905 1.293491 -1.976873
v 0.005906 1.293557 -1.968641
v 0.005647 1.288745 -1.968603
v 0.005646 1.288680 -1.976831
v 0.002607 1.283941 -1.968565
v 0.002606 1.283875 -1.976792
v 0.000343 1.280461 -1.968535
v 0.000341 1.280395 -1.976770
v -0.000995 1.272539 -1.968470
v -0.000997 1.272474 -1.976702
v -0.001017 1.272477 -1.976702
v -0.001018 1.243768 -1.976472
v -0.001016 1.243834 -1.968240
v -0.001016 1.272542 -1.968470
v -0.003803 1.280638 -1.976770
v -0.003800 1.280704 -1.968540
v 0.148286 3.637305 -0.031282
v 0.148253 3.622156 -0.031428
v 0.132998 3.622156 -0.022333
v 0.133109 3.637305 -0.022234
v 0.126001 3.622156 -0.006008
v 0.126149 3.637305 -0.005995
v 0.129937 3.622156 0.011312
v 0.130064 3.637305 0.011236
v 0.143300 3.622156 0.023010
v 0.143359 3.637305 0.022873
v 0.160987 3.622156 0.024622
v 0.160954 3.637305 0.024475
v 0.176247 3.622156 0.015524
v 0.176132 3.637305 0.015427
v 0.160172 3.637331 0.021018
v 0.173467 3.637331 0.013093
v 0.149069 3.637331 -0.027827
v 0.135777 3.637331 -0.019901
v 0.129679 3.637331 -0.005675
v 0.133108 3.637331 0.009422
v 0.144754 3.637331 0.019616
v 0.148286 3.637305 -0.031282
v 0.149069 3.637331 -0.027827
v 0.164486 3.637331 -0.026425
v 0.165884 3.637305 -0.029684
v 0.176136 3.637331 -0.016230
v 0.179178 3.637305 -0.018044
v 0.179566 3.637331 -0.001136
v 0.183093 3.637305 -0.000814
v 0.173467 3.637331 0.013093
v 0.176132 3.637305 0.015427
v 0.183239 3.622156 -0.000800
v 0.176247 3.622156 0.015524
v 0.148253 3.622156 -0.031428
v 0.165940 3.622156 -0.029819
v 0.179305 3.622156 -0.018119
v 0.088071 3.768917 -0.008363
v 0.134871 3.770341 -0.006250
v 0.134871 3.767916 -0.008019
v 0.088071 3.771164 -0.006725
v 0.088076 3.771817 -0.003813
v 0.134871 3.771262 -0.003394
v 0.088076 3.770647 -0.000755
v 0.134871 3.770326 -0.000541
v 0.134871 3.770326 -0.000541
v 0.088076 3.770647 -0.000755
v 0.088071 3.768095 0.001295
v 0.134871 3.767895 0.001216
v 0.088071 3.765118 0.001559
v 0.134871 3.764894 0.001210
v 0.144568 3.761804 0.010654
v 0.134871 3.761840 0.010544
v 0.134871 3.754510 0.005196
v 0.144568 3.754423 0.005266
v 0.134871 3.751729 -0.003435
v 0.144568 3.751615 -0.003435
v 0.134871 3.754553 -0.012057
v 0.144568 3.754459 -0.012122
v 0.134871 3.761903 -0.017371
v 0.144568 3.761867 -0.017479
v 0.134871 3.770974 -0.017353
v 0.144568 3.771005 -0.017461
v 0.188381 3.743976 -0.003453
v 0.193302 3.746926 -0.003446
v 0.193302 3.750621 0.008013
v 0.188381 3.748233 0.009742
v 0.158164 3.743967 -0.003451
v 0.158164 3.748222 0.009748
v 0.188381 3.759430 0.017915
v 0.188381 3.743976 -0.003453
v 0.158164 3.743967 -0.003451
v 0.158164 3.748279 -0.016631
v 0.158164 3.759425 0.017922
v 0.188381 3.773289 0.017944
v 0.158164 3.773294 0.017953
v 0.188381 3.784525 0.009820
v 0.158164 3.784529 0.009827
v 0.188381 3.788837 -0.003354
v 0.158164 3.788848 -0.003354
v 0.188381 3.784582 -0.016546
v 0.158164 3.784588 -0.016553
v 0.188381 3.773384 -0.024722
v 0.158164 3.773389 -0.024728
v 0.188381 3.759520 -0.024751
v 0.158164 3.759520 -0.024760
v 0.188381 3.748291 -0.016625
v 0.193302 3.746926 -0.003446
v 0.193302 3.750674 -0.014885
v 0.193302 3.760346 0.015109
v 0.193302 3.772385 0.015136
v 0.193302 3.782141 0.008081
v 0.193302 3.785884 -0.003360
v 0.193302 3.782188 -0.014820
v 0.193302 3.772469 -0.021914
v 0.193302 3.760424 -0.021943
v 0.107387 3.587676 -0.008514
v 0.114324 3.583255 -0.011726
v 0.107387 3.583255 -0.011726
v 0.114324 3.587676 -0.008514
v 0.107387 3.589365 -0.003318
v 0.114324 3.589365 -0.003318
v 0.107387 3.587676 0.001881
v 0.114324 3.587676 0.001881
v 0.159642 3.611337 -0.005440
v 0.157485 3.611337 -0.008003
v 0.168689 3.611337 -0.011791
v 0.170933 3.611337 -0.001920
v 0.159881 3.611337 -0.002101
v 0.166946 3.611337 0.007387
v 0.158111 3.611337 0.000743
v 0.158251 3.611337 0.012570
v 0.155007 3.611337 0.002001
v 0.148168 3.611337 0.011653
v 0.151755 3.611337 0.001198
v 0.140550 3.611337 0.004984
v 0.149598 3.611337 -0.001366
v 0.138307 3.611337 -0.004886
v 0.149360 3.611337 -0.004708
v 0.142295 3.611337 -0.014193
v 0.151129 3.611337 -0.007550
v 0.150989 3.611337 -0.019376
v 0.154235 3.611337 -0.008809
v 0.161075 3.611337 -0.018461
v 0.150963 3.622156 -0.019502
v 0.150989 3.611337 -0.019376
v 0.142295 3.611337 -0.014193
v 0.142198 3.622156 -0.014279
v 0.138307 3.611337 -0.004886
v 0.138180 3.622156 -0.004900
v 0.140550 3.611337 0.004984
v 0.140443 3.622156 0.005050
v 0.148168 3.611337 0.011653
v 0.148122 3.622156 0.011770
v 0.158251 3.611337 0.012570
v 0.158279 3.622156 0.012696
v 0.158279 3.622156 0.012696
v 0.158251 3.611337 0.012570
v 0.166946 3.611337 0.007387
v 0.167042 3.622156 0.007470
v 0.171064 3.622156 -0.001909
v 0.170933 3.611337 -0.001920
v 0.168689 3.611337 -0.011791
v 0.168802 3.622156 -0.011858
v 0.161075 3.611337 -0.018461
v 0.161124 3.622156 -0.018578
v 0.150989 3.611337 -0.019376
v 0.150963 3.622156 -0.019502
v 0.157034 3.847574 0.011425
v 0.157034 3.844372 0.001500
v 0.157034 3.841186 0.001496
v 0.157034 3.837945 0.011402
v 0.157034 3.838617 -0.000384
v 0.157034 3.830164 0.005728
v 0.157034 3.837634 -0.003415
v 0.157034 3.827211 -0.003437
v 0.157034 3.838627 -0.006443
v 0.157034 3.830209 -0.012589
v 0.157034 3.841209 -0.008309
v 0.157034 3.838012 -0.018232
v 0.157034 3.844394 -0.008302
v 0.157034 3.847641 -0.018211
v 0.157034 3.846970 -0.006425
v 0.157034 3.855417 -0.012535
v 0.157034 3.847946 -0.003392
v 0.157034 3.858370 -0.003369
v 0.157034 3.846952 -0.000366
v 0.157034 3.855378 0.005782
v 0.107387 3.583255 0.005092
v 0.114324 3.587676 0.001881
v 0.107387 3.587676 0.001881
v 0.114324 3.583255 0.005092
v 0.107387 3.577790 0.005092
v 0.114324 3.577790 0.005092
v 0.171064 3.622156 -0.001909
v 0.168802 3.622156 -0.011858
v 0.179305 3.622156 -0.018119
v 0.183239 3.622156 -0.000800
v 0.167042 3.622156 0.007470
v 0.176247 3.622156 0.015524
v 0.158279 3.622156 0.012696
v 0.160987 3.622156 0.024622
v 0.148122 3.622156 0.011770
v 0.143300 3.622156 0.023010
v 0.140443 3.622156 0.005050
v 0.129937 3.622156 0.011312
v 0.138180 3.622156 -0.004900
v 0.126001 3.622156 -0.006008
v 0.142198 3.622156 -0.014279
v 0.132998 3.622156 -0.022333
v 0.150963 3.622156 -0.019502
v 0.148253 3.622156 -0.031428
v 0.161124 3.622156 -0.018578
v 0.165940 3.622156 -0.029819
v 0.107389 3.573370 0.001881
v 0.114324 3.577790 0.005092
v 0.107387 3.577790 0.005092
v 0.114324 3.573370 0.001881
v 0.107387 3.571681 -0.003318
v 0.114324 3.571681 -0.003318
v 0.107389 3.573370 -0.008514
v 0.114324 3.573370 -0.008514
v 0.107387 3.577790 -0.011726
v 0.114324 3.577790 -0.011726
v 0.108614 0.457798 -0.049043
v 0.091234 3.879426 -0.049044
v 0.108614 3.879426 -0.049044
v 0.091234 0.457798 -0.049043
v 0.091234 3.879426 -0.031255
v 0.091234 0.457798 -0.031254
v 0.023971 0.457798 -0.031254
v 0.023971 3.879426 -0.031255
v 0.023971 3.879426 -0.049044
v 0.023971 0.457798 -0.049044
v 0.006591 3.879426 -0.049044
v 0.006591 0.457798 -0.049044
v -0.010562 1.969311 0.022857
v -0.010562 1.983558 0.012502
v -0.020862 1.981254 0.010828
v -0.020864 1.968427 0.020146
v -0.010562 1.951694 0.022857
v -0.020862 1.952574 0.020146
v -0.010562 1.937442 0.012502
v -0.020864 1.939747 0.010828
v -0.010562 1.931999 -0.004250
v -0.020864 1.934850 -0.004250
v -0.010562 1.937442 -0.021003
v -0.020864 1.939747 -0.019327
v -0.020862 1.952574 -0.028645
v -0.020864 1.968427 -0.028645
v -0.020862 1.981254 -0.019327
v -0.020862 1.986151 -0.004250
v -0.010562 1.951694 -0.031356
v -0.010562 1.969311 -0.031356
v -0.010562 1.983558 -0.021003
v -0.010562 1.989004 -0.004250
v -0.010562 0.974316 -0.021003
v -0.008618 0.977978 -0.004250
v -0.008618 0.972873 -0.019953
v -0.010562 0.979763 -0.004250
v -0.008618 0.972873 0.011454
v -0.010562 0.974316 0.012502
v -0.008618 0.959517 0.021160
v -0.010562 0.960069 0.022857
v -0.008618 0.943004 0.021160
v -0.010562 0.942452 0.022857
v -0.008618 0.929644 0.011454
v -0.010562 0.928201 0.012502
v -0.008618 0.924540 -0.004250
v -0.010562 0.922758 -0.004250
v -0.008618 0.929644 -0.019953
v -0.010562 0.928201 -0.021003
v -0.008618 0.943004 -0.029661
v -0.010562 0.942452 -0.031356
v -0.008618 0.959517 -0.029661
v -0.010562 0.960069 -0.031356
v 0.108614 0.457798 -0.031254
v 0.108614 0.457798 -0.049043
v 0.108614 3.879426 -0.049044
v 0.108614 3.879426 -0.031255
v 0.108614 3.879426 0.023652
v 0.108614 0.457798 0.023653
v 0.108614 0.457798 0.041447
v 0.108614 3.879426 0.041446
v 0.006591 0.457798 0.023653
v 0.006591 0.457798 0.041447
v 0.006591 3.879426 0.041446
v 0.006591 3.879426 0.023652
v 0.006591 3.879426 -0.031255
v 0.006591 0.457798 -0.031254
v 0.006591 0.457798 -0.049044
v 0.006591 3.879426 -0.049044
v 0.157659 3.587899 -0.007232
v 0.154861 3.579081 -0.004875
v 0.153667 3.580353 -0.007374
v 0.159763 3.587899 -0.004368
v 0.154861 3.579081 -0.001783
v 0.159913 3.587899 -0.001129
v 0.158138 3.758437 0.020939
v 0.144568 3.758394 0.021068
v 0.144568 3.745545 0.011686
v 0.158138 3.745650 0.011607
v 0.144568 3.740656 -0.003460
v 0.158138 3.740793 -0.003457
v 0.144568 3.745607 -0.018583
v 0.158138 3.745717 -0.018504
v 0.144568 3.758500 -0.027908
v 0.158138 3.758542 -0.027782
v 0.144568 3.774414 -0.027874
v 0.158138 3.774373 -0.027748
v 0.144568 3.787269 -0.018491
v 0.158138 3.787159 -0.018416
v 0.158164 3.773389 -0.024728
v 0.158164 3.784588 -0.016553
v 0.158164 3.759425 0.017922
v 0.158164 3.748222 0.009748
v 0.158164 3.743967 -0.003451
v 0.158164 3.748279 -0.016631
v 0.158164 3.759520 -0.024760
v 0.158138 3.758437 0.020939
v 0.158164 3.759425 0.017922
v 0.158164 3.773294 0.017953
v 0.158138 3.774268 0.020975
v 0.158164 3.784529 0.009827
v 0.158138 3.787097 0.011698
v 0.158164 3.788848 -0.003354
v 0.158138 3.792021 -0.003349
v 0.158164 3.784588 -0.016553
v 0.158138 3.787159 -0.018416
v 0.144568 3.792152 -0.003349
v 0.144568 3.787269 -0.018491
v 0.144568 3.758394 0.021068
v 0.144568 3.774309 0.021102
v 0.144568 3.787202 0.011774
v 0.085699 3.843913 0.001491
v 0.085699 3.840812 0.001766
v 0.157034 3.841186 0.001496
v 0.157034 3.844372 0.001500
v 0.157034 3.846952 -0.000366
v 0.085703 3.846573 -0.000645
v 0.108614 3.879426 0.041446
v 0.091234 0.457798 0.041447
v 0.108614 0.457798 0.041447
v 0.091234 3.879426 0.041446
v 0.091234 0.457798 0.023653
v 0.091234 3.879426 0.023652
v 0.023971 3.879426 0.023652
v 0.023971 0.457798 0.023653
v 0.023971 0.457798 0.041447
v 0.023971 3.879426 0.041446
v 0.006591 0.457798 0.041447
v 0.006591 3.879426 0.041446
v -0.031059 3.386212 -0.003034
v -0.009980 3.806666 -0.001632
v -0.008976 3.806623 -0.003370
v -0.029722 3.386151 -0.005350
v -0.009980 3.806666 -0.005107
v -0.031059 3.386212 -0.007665
v -0.033727 3.386334 -0.007665
v -0.011986 3.806760 -0.005107
v -0.012990 3.806806 -0.003370
v -0.035064 3.386396 -0.005350
v -0.011986 3.806760 -0.001632
v -0.033727 3.386334 -0.003034
v 0.154861 3.579081 -0.001783
v 0.159913 3.587899 -0.001129
v 0.158034 3.587899 0.001230
v 0.153667 3.580353 0.000716
v 0.155328 3.587899 0.001769
v 0.149807 3.584452 0.000716
v 0.147364 3.580199 0.001674
v 0.151736 3.582402 0.001669
v 0.151944 3.587899 0.000667
v 0.147867 3.577348 0.000718
v 0.104900 3.576851 0.000709
v 0.104900 3.579784 0.001658
v 0.146861 3.583057 0.000718
v 0.148612 3.585723 -0.001783
v 0.104900 3.582714 0.000709
v 0.146551 3.584823 -0.001783
v 0.104900 3.584529 -0.001785
v 0.154861 3.579081 -0.001783
v 0.148178 3.575580 -0.004875
v 0.154861 3.579081 -0.004875
v 0.148178 3.575580 -0.001783
v 0.104900 3.575035 -0.004873
v 0.104900 3.575035 -0.001785
v 0.147867 3.577348 0.000718
v 0.153667 3.580353 0.000716
v 0.104900 3.576851 0.000709
v 0.134871 3.770911 0.010564
v 0.134871 3.767895 0.001216
v 0.134871 3.764894 0.001210
v 0.134871 3.761840 0.010544
v 0.134871 3.762474 -0.000557
v 0.134871 3.754510 0.005196
v 0.134871 3.761548 -0.003415
v 0.134871 3.751729 -0.003435
v 0.134871 3.762484 -0.006268
v 0.134871 3.754553 -0.012057
v 0.134871 3.764915 -0.008025
v 0.134871 3.761903 -0.017371
v 0.134871 3.767916 -0.008019
v 0.134871 3.770974 -0.017353
v 0.134871 3.770341 -0.006250
v 0.134871 3.778298 -0.012005
v 0.134871 3.771262 -0.003394
v 0.134871 3.781079 -0.003372
v 0.134871 3.770326 -0.000541
v 0.134871 3.778262 0.005248
v 0.149585 3.587899 -0.001990
v 0.149136 3.587899 -0.005199
v 0.149360 3.611337 -0.004708
v 0.149598 3.611337 -0.001366
v -0.195783 0.511146 0.051475
v -0.186055 -0.046974 0.063639
v -0.188574 -0.047091 0.062779
v -0.198310 0.511129 0.050603
v -0.157565 0.632618 0.017956
v -0.155046 0.632564 0.018846
v -0.062886 1.173597 0.008556
v -0.060364 1.173567 0.009442
v -0.049207 1.524979 -0.006741
v -0.051725 1.525028 -0.007633
v -0.044775 1.809117 -0.055004
v -0.047298 1.809020 -0.055883
v -0.058873 2.101871 -0.062254
v -0.061395 2.101821 -0.063137
v -0.087652 2.514763 -0.028269
v -0.090154 2.515199 -0.029105
v -0.063914 3.058905 -0.025580
v -0.066437 3.059032 -0.026457
v -0.033727 3.386334 -0.003034
v -0.068459 3.059049 -0.024704
v -0.035064 3.386396 -0.005350
v -0.029722 3.386151 -0.005350
v -0.063411 3.058797 -0.022959
v -0.031059 3.386212 -0.003034
v -0.009980 3.806666 -0.001632
v -0.011986 3.806760 -0.001632
v 0.088076 3.763387 -0.006054
v 0.088076 3.765949 -0.008100
v 0.134871 3.764915 -0.008025
v 0.134871 3.762484 -0.006268
v 0.134871 3.761548 -0.003415
v 0.088076 3.762217 -0.002993
v 0.134871 3.762474 -0.000557
v 0.088071 3.762869 -0.000079
v 0.134871 3.764894 0.001210
v 0.088071 3.765118 0.001559
v 0.115481 3.576546 -0.015554
v 0.115481 3.570113 -0.010880
v 0.114603 3.570764 -0.010407
v 0.114603 3.576795 -0.014788
v 0.115481 3.584499 -0.015554
v 0.114603 3.584249 -0.014788
v 0.115481 3.590933 -0.010880
v 0.114603 3.590281 -0.010407
v 0.115481 3.593390 -0.003318
v 0.114603 3.592586 -0.003318
v 0.115481 3.590933 0.004247
v 0.114603 3.590281 0.003774
v 0.115481 3.584499 0.008921
v 0.114603 3.584249 0.008155
v 0.115481 3.576546 0.008921
v 0.114603 3.576795 0.008155
v 0.115481 3.570113 0.004247
v 0.114603 3.570764 0.003774
v 0.115481 3.567654 -0.003318
v 0.114603 3.568461 -0.003318
v 0.107387 3.583255 -0.011726
v 0.114324 3.583255 -0.011726
v 0.114324 3.577790 -0.011726
v 0.107387 3.577790 -0.011726
v 0.115481 3.576546 -0.015554
v 0.115481 3.584499 -0.015554
v 0.120130 3.584102 -0.014331
v 0.120132 3.589893 -0.010123
v 0.115481 3.590933 -0.010880
v 0.120132 3.592104 -0.003318
v 0.115481 3.593390 -0.003318
v 0.120132 3.589893 0.003490
v 0.115481 3.590933 0.004247
v 0.120130 3.584102 0.007698
v 0.115481 3.584499 0.008921
v 0.120132 3.576945 0.007698
v 0.115481 3.576546 0.008921
v 0.120130 3.571154 0.003490
v 0.115481 3.570113 0.004247
v 0.120130 3.568942 -0.003318
v 0.115481 3.567654 -0.003318
v 0.120130 3.571154 -0.010123
v 0.115481 3.570113 -0.010880
v 0.120132 3.576945 -0.014331
v 0.149807 3.584452 0.000716
v 0.151944 3.587899 0.000667
v 0.149585 3.587899 -0.001990
v 0.148612 3.585723 -0.001783
v 0.148612 3.585723 -0.004875
v 0.149136 3.587899 -0.005199
v 0.115481 3.771067 0.007988
v 0.115481 3.777501 0.003312
v 0.114603 3.776850 0.002841
v 0.114603 3.770819 0.007222
v 0.115481 3.763114 0.007988
v 0.114603 3.763363 0.007222
v 0.115481 3.756682 0.003312
v 0.114603 3.757333 0.002841
v 0.115481 3.754224 -0.004251
v 0.114603 3.755029 -0.004251
v 0.115481 3.756682 -0.011813
v 0.114603 3.757333 -0.011340
v 0.115481 3.763114 -0.016487
v 0.114603 3.763363 -0.015721
v 0.115481 3.771067 -0.016487
v 0.114603 3.770819 -0.015721
v 0.115481 3.777501 -0.011813
v 0.114603 3.776850 -0.011340
v 0.115481 3.779959 -0.004251
v 0.114603 3.779155 -0.004251
v 0.107387 3.769824 -0.012659
v 0.114324 3.769824 -0.012659
v 0.114324 3.764358 -0.012659
v 0.107387 3.764358 -0.012659
v 0.151203 3.587899 -0.008064
v 0.154394 3.587899 -0.008643
v 0.151736 3.582402 -0.008329
v 0.153667 3.580353 -0.007374
v 0.157659 3.587899 -0.007232
v 0.146861 3.583057 -0.007376
v 0.146551 3.584823 -0.004875
v 0.148612 3.585723 -0.004875
v 0.149807 3.584452 -0.007374
v 0.149136 3.587899 -0.005199
v 0.147364 3.580199 -0.008332
v 0.147867 3.577341 -0.007376
v 0.154861 3.579081 -0.004875
v 0.148178 3.575580 -0.004875
v 0.104900 3.575035 -0.004873
v 0.104900 3.576846 -0.007365
v 0.104900 3.579784 -0.008316
v 0.104900 3.582719 -0.007365
v 0.104900 3.584529 -0.004873
v 0.155328 3.587899 0.001769
v 0.158034 3.587899 0.001230
v 0.158111 3.611337 0.000743
v 0.155007 3.611337 0.002001
v 0.158111 3.611337 0.000743
v 0.158034 3.587899 0.001230
v 0.159913 3.587899 -0.001129
v 0.159881 3.611337 -0.002101
v 0.159763 3.587899 -0.004368
v 0.159642 3.611337 -0.005440
v 0.157659 3.587899 -0.007232
v 0.157485 3.611337 -0.008003
v 0.157485 3.611337 -0.008003
v 0.157659 3.587899 -0.007232
v 0.154394 3.587899 -0.008643
v 0.154235 3.611337 -0.008809
v 0.151203 3.587899 -0.008064
v 0.151129 3.611337 -0.007550
v 0.129687 3.671061 -0.005673
v 0.129679 3.637331 -0.005675
v 0.133108 3.637331 0.009422
v 0.133120 3.671061 0.009415
v 0.144754 3.637331 0.019616
v 0.144760 3.671061 0.019605
v 0.129687 3.671061 -0.005673
v 0.132968 3.676551 -0.005373
v 0.138261 3.676551 -0.017724
v 0.160172 3.637331 0.021018
v 0.160167 3.671061 0.021009
v 0.173467 3.637331 0.013093
v 0.173460 3.671061 0.013084
v 0.179566 3.637331 -0.001136
v 0.179552 3.671061 -0.001136
v 0.176136 3.637331 -0.016230
v 0.176124 3.671061 -0.016224
v 0.164486 3.637331 -0.026425
v 0.164482 3.671061 -0.026416
v 0.149069 3.637331 -0.027827
v 0.149074 3.671061 -0.027818
v 0.135777 3.637331 -0.019901
v 0.135785 3.671061 -0.019895
v 0.129679 3.637331 -0.005675
v 0.149804 3.676551 -0.024604
v 0.163185 3.676551 -0.023388
v 0.173296 3.676551 -0.014538
v 0.176273 3.676551 -0.001436
v 0.170978 3.676551 0.010916
v 0.159440 3.676551 0.017796
v 0.146056 3.676551 0.016579
v 0.135949 3.676551 0.007729
v 0.132968 3.676551 -0.005373
v 0.151129 3.611337 -0.007550
v 0.151203 3.587899 -0.008064
v 0.149136 3.587899 -0.005199
v 0.149360 3.611337 -0.004708
v 0.149598 3.611337 -0.001366
v 0.149585 3.587899 -0.001990
v 0.151582 3.587899 0.000403
v 0.151755 3.611337 0.001198
v 0.155328 3.587899 0.001769
v 0.155007 3.611337 0.002001
v 0.085703 3.841677 -0.008298
v 0.085699 3.844770 -0.008571
v 0.157034 3.844394 -0.008302
v 0.157034 3.841209 -0.008309
vt 0.857500 0.516800
vt 0.875300 0.525100
vt 0.857500 0.525100
vt 0.875300 0.516800
vt 0.857500 0.503500
vt 0.875300 0.503500
vt 0.857500 0.490100
vt 0.875300 0.490100
vt 0.857400 0.481400
vt 0.875300 0.481400
vt 0.858000 0.513000
vt 0.875900 0.524400
vt 0.858000 0.524400
vt 0.875900 0.513000
vt 0.858000 0.499000
vt 0.875900 0.499000
vt 0.857000 0.494400
vt 0.874800 0.504600
vt 0.856900 0.504600
vt 0.874900 0.494400
vt 0.857000 0.481100
vt 0.874900 0.481100
vt 0.857000 0.467700
vt 0.874900 0.467700
vt 0.857000 0.494400
vt 0.874800 0.504600
vt 0.856900 0.504600
vt 0.874900 0.494400
vt 0.857000 0.481100
vt 0.874900 0.481100
vt 0.857000 0.467700
vt 0.874900 0.467700
vt 0.858000 0.513000
vt 0.875900 0.524400
vt 0.858000 0.524400
vt 0.875900 0.513000
vt 0.858000 0.499000
vt 0.875900 0.499000
vt 0.857500 0.516800
vt 0.875300 0.525100
vt 0.857500 0.525100
vt 0.875300 0.516800
vt 0.857500 0.503500
vt 0.875300 0.503500
vt 0.857500 0.490100
vt 0.875300 0.490100
vt 0.857400 0.481400
vt 0.875300 0.481400
vt 0.857500 0.516800
vt 0.875300 0.525100
vt 0.857500 0.525100
vt 0.875300 0.516800
vt 0.857500 0.503500
vt 0.875300 0.503500
vt 0.857500 0.490100
vt 0.875300 0.490100
vt 0.857400 0.481400
vt 0.875300 0.481400
vt 0.858000 0.513000
vt 0.875900 0.524400
vt 0.858000 0.524400
vt 0.875900 0.513000
vt 0.858000 0.499000
vt 0.875900 0.499000
vt 0.857000 0.494400
vt 0.874800 0.504600
vt 0.856900 0.504600
vt 0.874900 0.494400
vt 0.857000 0.481100
vt 0.874900 0.481100
vt 0.857000 0.467700
vt 0.874900 0.467700
vt 0.857000 0.494400
vt 0.874800 0.504600
vt 0.856900 0.504600
vt 0.874900 0.494400
vt 0.857000 0.481100
vt 0.874900 0.481100
vt 0.857000 0.467700
vt 0.874900 0.467700
vt 0.858000 0.513000
vt 0.875900 0.524400
vt 0.858000 0.524400
vt 0.875900 0.513000
vt 0.858000 0.499000
vt 0.875900 0.499000
vt 0.857500 0.516800
vt 0.875300 0.525100
vt 0.857500 0.525100
vt 0.875300 0.516800
vt 0.857500 0.503500
vt 0.875300 0.503500
vt 0.857500 0.490100
vt 0.875300 0.490100
vt 0.857400 0.481400
vt 0.875300 0.481400
vt 0.857500 0.516800
vt 0.875300 0.525100
vt 0.857500 0.525100
vt 0.875300 0.516800
vt 0.857500 0.503500
vt 0.875300 0.503500
vt 0.857500 0.490100
vt 0.875300 0.490100
vt 0.857400 0.481400
vt 0.875300 0.481400
vt 0.836800 0.142000
vt 0.728100 0.191600
vt 0.728000 0.002500
vt 0.858800 0.002500
vt 0.849600 0.125400
vt 0.866200 0.002500
vt 0.874800 0.002600
vt 0.856800 0.133000
vt 0.842100 0.149200
vt 0.727900 0.200600
vt 0.858000 0.513000
vt 0.875900 0.524400
vt 0.858000 0.524400
vt 0.875900 0.513000
vt 0.858000 0.499000
vt 0.875900 0.499000
vt 0.858000 0.513000
vt 0.875900 0.524400
vt 0.858000 0.524400
vt 0.875900 0.513000
vt 0.858000 0.499000
vt 0.875900 0.499000
vt 0.857000 0.494400
vt 0.874800 0.504600
vt 0.856900 0.504600
vt 0.874900 0.494400
vt 0.857000 0.481100
vt 0.874900 0.481100
vt 0.857000 0.467700
vt 0.874900 0.467700
vt 0.857500 0.516800
vt 0.875300 0.525100
vt 0.857500 0.525100
vt 0.875300 0.516800
vt 0.857500 0.503500
vt 0.875300 0.503500
vt 0.857500 0.490100
vt 0.875300 0.490100
vt 0.857400 0.481400
vt 0.875300 0.481400
vt 0.726800 0.489400
vt 0.784500 0.382100
vt 0.785200 0.490200
vt 0.726400 0.382100
vt 0.726400 0.378500
vt 0.722600 0.378500
vt 0.722600 0.382100
vt 0.723000 0.489400
vt 0.723000 0.493400
vt 0.726800 0.493400
vt 0.785200 0.494200
vt 0.788200 0.493600
vt 0.789100 0.490200
vt 0.788400 0.382100
vt 0.787500 0.379200
vt 0.784500 0.378500
vt 0.857500 0.516800
vt 0.875300 0.525100
vt 0.857500 0.525100
vt 0.875300 0.516800
vt 0.857500 0.503500
vt 0.875300 0.503500
vt 0.857500 0.490100
vt 0.875300 0.490100
vt 0.857400 0.481400
vt 0.875300 0.481400
vt 0.857000 0.494400
vt 0.874800 0.504600
vt 0.856900 0.504600
vt 0.874900 0.494400
vt 0.857000 0.481100
vt 0.874900 0.481100
vt 0.857000 0.467700
vt 0.874900 0.467700
vt 0.858000 0.513000
vt 0.875900 0.524400
vt 0.858000 0.524400
vt 0.875900 0.513000
vt 0.858000 0.499000
vt 0.875900 0.499000
vt 0.858000 0.513000
vt 0.875900 0.524400
vt 0.858000 0.524400
vt 0.875900 0.513000
vt 0.858000 0.499000
vt 0.875900 0.499000
vt 0.857000 0.494400
vt 0.874800 0.504600
vt 0.856900 0.504600
vt 0.874900 0.494400
vt 0.857000 0.481100
vt 0.874900 0.481100
vt 0.857000 0.467700
vt 0.874900 0.467700
vt 0.857500 0.516800
vt 0.875300 0.525100
vt 0.857500 0.525100
vt 0.875300 0.516800
vt 0.857500 0.503500
vt 0.875300 0.503500
vt 0.857500 0.490100
vt 0.875300 0.490100
vt 0.857400 0.481400
vt 0.875300 0.481400
vt 0.792200 0.398300
vt 0.871300 0.436400
vt 0.792200 0.436400
vt 0.871300 0.398300
vt 0.792200 0.395300
vt 0.789100 0.395300
vt 0.789100 0.398300
vt 0.789100 0.436400
vt 0.789100 0.439300
vt 0.792200 0.439300
vt 0.871300 0.439300
vt 0.874000 0.439300
vt 0.874000 0.436400
vt 0.874000 0.398300
vt 0.874000 0.395300
vt 0.871300 0.395300
vt 0.857000 0.494400
vt 0.874800 0.504600
vt 0.856900 0.504600
vt 0.874900 0.494400
vt 0.857000 0.481100
vt 0.874900 0.481100
vt 0.857000 0.467700
vt 0.874900 0.467700
vt 0.857000 0.494400
vt 0.874800 0.504600
vt 0.856900 0.504600
vt 0.874900 0.494400
vt 0.857000 0.481100
vt 0.874900 0.481100
vt 0.857000 0.467700
vt 0.874900 0.467700
vt 0.858000 0.513000
vt 0.875900 0.524400
vt 0.858000 0.524400
vt 0.875900 0.513000
vt 0.858000 0.499000
vt 0.875900 0.499000
vt 0.289800 0.995700
vt 0.389400 0.005600
vt 0.389400 0.995700
vt 0.281100 0.005700
vt 0.275000 0.005700
vt 0.275000 0.995700
vt 0.266100 0.005700
vt 0.266100 0.995800
vt 0.134400 0.995800
vt 0.134400 0.005700
vt 0.119500 0.995800
vt 0.119500 0.005700
vt 0.004000 0.005700
vt 0.004000 0.995800
vt 0.828900 0.442000
vt 0.807500 0.442000
vt 0.807400 0.451800
vt 0.828900 0.451800
vt 0.835700 0.442300
vt 0.835700 0.452100
vt 0.838500 0.442500
vt 0.838500 0.452300
vt 0.843600 0.442800
vt 0.843600 0.452600
vt 0.848000 0.452500
vt 0.848100 0.442700
vt 0.849000 0.442300
vt 0.848900 0.452100
vt 0.846900 0.441700
vt 0.846800 0.451500
vt 0.843000 0.441300
vt 0.842900 0.451100
vt 0.839400 0.451200
vt 0.839400 0.441400
vt 0.836500 0.451500
vt 0.836600 0.441700
vt 0.834500 0.451700
vt 0.834500 0.441900
vt 0.828900 0.451800
vt 0.828900 0.442000
vt 0.723600 0.954300
vt 0.730600 0.952100
vt 0.733800 0.956600
vt 0.729600 0.962500
vt 0.739100 0.958300
vt 0.739100 0.965600
vt 0.744400 0.956600
vt 0.748700 0.962500
vt 0.747700 0.952100
vt 0.754600 0.954300
vt 0.747700 0.946500
vt 0.754600 0.944300
vt 0.744400 0.942000
vt 0.748700 0.936100
vt 0.739100 0.940300
vt 0.739100 0.933000
vt 0.733800 0.942000
vt 0.729600 0.936100
vt 0.730600 0.946500
vt 0.723600 0.944300
vt 0.739100 0.949300
vt 0.739400 0.788300
vt 0.739400 0.785000
vt 0.744800 0.783300
vt 0.746800 0.786000
vt 0.748100 0.778700
vt 0.751300 0.779700
vt 0.748100 0.773100
vt 0.751300 0.772000
vt 0.744800 0.768500
vt 0.746800 0.765800
vt 0.739400 0.766800
vt 0.739400 0.763400
vt 0.734100 0.768500
vt 0.732100 0.765800
vt 0.730800 0.773100
vt 0.727600 0.772000
vt 0.730800 0.778700
vt 0.727600 0.779700
vt 0.734100 0.783300
vt 0.732100 0.786000
vt 0.739400 0.775900
vt 0.857500 0.516800
vt 0.875300 0.525100
vt 0.857500 0.525100
vt 0.875300 0.516800
vt 0.857500 0.503500
vt 0.875300 0.503500
vt 0.857500 0.490100
vt 0.875300 0.490100
vt 0.857400 0.481400
vt 0.875300 0.481400
vt 0.821800 0.472300
vt 0.835000 0.476300
vt 0.833400 0.479100
vt 0.822100 0.475600
vt 0.808600 0.476500
vt 0.810800 0.479100
vt 0.800500 0.487200
vt 0.803800 0.488300
vt 0.800500 0.500300
vt 0.803800 0.499600
vt 0.808600 0.510900
vt 0.810800 0.508700
vt 0.821800 0.514900
vt 0.822100 0.512200
vt 0.835000 0.510700
vt 0.833400 0.508700
vt 0.843100 0.500000
vt 0.840400 0.499600
vt 0.843100 0.486900
vt 0.840400 0.488300
vt 0.857000 0.494400
vt 0.874800 0.504600
vt 0.856900 0.504600
vt 0.874900 0.494400
vt 0.857000 0.481100
vt 0.874900 0.481100
vt 0.857000 0.467700
vt 0.874900 0.467700
vt 0.832200 0.546400
vt 0.815600 0.551600
vt 0.803300 0.535500
vt 0.832200 0.526500
vt 0.848800 0.551400
vt 0.861100 0.535300
vt 0.859100 0.564800
vt 0.879000 0.558600
vt 0.859200 0.581400
vt 0.879100 0.587500
vt 0.848900 0.594900
vt 0.861300 0.611000
vt 0.832400 0.600100
vt 0.832400 0.620000
vt 0.815700 0.595000
vt 0.803500 0.611200
vt 0.805500 0.581700
vt 0.785600 0.587900
vt 0.805400 0.565000
vt 0.785500 0.559000
vt 0.858000 0.513000
vt 0.875900 0.524400
vt 0.858000 0.524400
vt 0.875900 0.513000
vt 0.858000 0.499000
vt 0.875900 0.499000
vt 0.800500 0.487200
vt 0.808600 0.476500
vt 0.810800 0.479100
vt 0.803800 0.488300
vt 0.800500 0.500300
vt 0.803800 0.499600
vt 0.808600 0.510900
vt 0.810800 0.508700
vt 0.821800 0.514900
vt 0.822100 0.512200
vt 0.835000 0.510700
vt 0.833400 0.508700
vt 0.843100 0.500000
vt 0.840400 0.499600
vt 0.843100 0.486900
vt 0.840400 0.488300
vt 0.835000 0.476300
vt 0.833400 0.479100
vt 0.821800 0.472300
vt 0.822100 0.475600
vt 0.857500 0.516800
vt 0.875300 0.525100
vt 0.857500 0.525100
vt 0.875300 0.516800
vt 0.857500 0.503500
vt 0.875300 0.503500
vt 0.857500 0.490100
vt 0.875300 0.490100
vt 0.857400 0.481400
vt 0.875300 0.481400
vt 0.843100 0.500000
vt 0.833400 0.508700
vt 0.840400 0.499600
vt 0.835000 0.510700
vt 0.822100 0.512200
vt 0.821800 0.514900
vt 0.810800 0.508700
vt 0.808600 0.510900
vt 0.803800 0.499600
vt 0.800500 0.500300
vt 0.803800 0.488300
vt 0.800500 0.487200
vt 0.810800 0.479100
vt 0.808600 0.476500
vt 0.822100 0.475600
vt 0.821800 0.472300
vt 0.833400 0.479100
vt 0.835000 0.476300
vt 0.840400 0.488300
vt 0.843100 0.486900
vt 0.810800 0.508700
vt 0.803800 0.499600
vt 0.809600 0.497800
vt 0.809600 0.490100
vt 0.803800 0.488300
vt 0.814400 0.483800
vt 0.810800 0.479100
vt 0.822100 0.481500
vt 0.822100 0.475600
vt 0.829800 0.483800
vt 0.833400 0.479100
vt 0.834600 0.490100
vt 0.840400 0.488300
vt 0.834600 0.497800
vt 0.840400 0.499600
vt 0.829800 0.504000
vt 0.833400 0.508700
vt 0.822100 0.506400
vt 0.822100 0.512200
vt 0.814400 0.504000
vt 0.857000 0.494400
vt 0.874800 0.504600
vt 0.856900 0.504600
vt 0.874900 0.494400
vt 0.857000 0.481100
vt 0.874900 0.481100
vt 0.857000 0.467700
vt 0.874900 0.467700
vt 0.807900 0.454100
vt 0.806200 0.454100
vt 0.806200 0.453600
vt 0.807900 0.453600
vt 0.831900 0.454100
vt 0.831900 0.453600
vt 0.833600 0.453600
vt 0.833600 0.454100
vt 0.790500 0.482900
vt 0.798900 0.485500
vt 0.798900 0.499800
vt 0.790500 0.502500
vt 0.807800 0.511400
vt 0.802600 0.518300
vt 0.822100 0.515900
vt 0.822100 0.524300
vt 0.836500 0.511400
vt 0.841700 0.518300
vt 0.845300 0.499800
vt 0.853800 0.502500
vt 0.845300 0.485500
vt 0.853800 0.482900
vt 0.836500 0.473900
vt 0.841700 0.467100
vt 0.822100 0.469500
vt 0.822100 0.461000
vt 0.807800 0.473900
vt 0.802600 0.467100
vt 0.924200 0.986300
vt 0.920500 0.987700
vt 0.916700 0.986500
vt 0.926500 0.982700
vt 0.914200 0.983100
vt 0.926300 0.978400
vt 0.914100 0.978800
vt 0.923900 0.975000
vt 0.916300 0.975300
vt 0.920100 0.973800
vt 0.790500 0.482900
vt 0.798900 0.485500
vt 0.798900 0.499800
vt 0.790500 0.502500
vt 0.807800 0.511400
vt 0.802600 0.518300
vt 0.822100 0.515900
vt 0.822100 0.524300
vt 0.836500 0.511400
vt 0.841700 0.518300
vt 0.845300 0.499800
vt 0.853800 0.502500
vt 0.845300 0.485500
vt 0.853800 0.482900
vt 0.836500 0.473900
vt 0.841700 0.467100
vt 0.822100 0.469500
vt 0.822100 0.461000
vt 0.807800 0.473900
vt 0.802600 0.467100
vt 0.790500 0.482900
vt 0.798900 0.485500
vt 0.798900 0.499800
vt 0.790500 0.502500
vt 0.807800 0.511400
vt 0.802600 0.518300
vt 0.822100 0.515900
vt 0.822100 0.524300
vt 0.836500 0.511400
vt 0.841700 0.518300
vt 0.845300 0.499800
vt 0.853800 0.502500
vt 0.845300 0.485500
vt 0.853800 0.482900
vt 0.836500 0.473900
vt 0.841700 0.467100
vt 0.822100 0.469500
vt 0.822100 0.461000
vt 0.807800 0.473900
vt 0.802600 0.467100
vt 0.790500 0.482900
vt 0.798900 0.485500
vt 0.798900 0.499800
vt 0.790500 0.502500
vt 0.807800 0.511400
vt 0.802600 0.518300
vt 0.822100 0.515900
vt 0.822100 0.524300
vt 0.836500 0.511400
vt 0.841700 0.518300
vt 0.845300 0.499800
vt 0.853800 0.502500
vt 0.845300 0.485500
vt 0.853800 0.482900
vt 0.836500 0.473900
vt 0.841700 0.467100
vt 0.822100 0.469500
vt 0.822100 0.461000
vt 0.807800 0.473900
vt 0.802600 0.467100
vt 0.790500 0.482900
vt 0.798900 0.485500
vt 0.798900 0.499800
vt 0.790500 0.502500
vt 0.807800 0.511400
vt 0.802600 0.518300
vt 0.822100 0.515900
vt 0.822100 0.524300
vt 0.836500 0.511400
vt 0.841700 0.518300
vt 0.845300 0.499800
vt 0.853800 0.502500
vt 0.845300 0.485500
vt 0.853800 0.482900
vt 0.836500 0.473900
vt 0.841700 0.467100
vt 0.822100 0.469500
vt 0.822100 0.461000
vt 0.807800 0.473900
vt 0.802600 0.467100
vt 0.790500 0.482900
vt 0.798900 0.485500
vt 0.798900 0.499800
vt 0.790500 0.502500
vt 0.807800 0.511400
vt 0.802600 0.518300
vt 0.822100 0.515900
vt 0.822100 0.524300
vt 0.836500 0.511400
vt 0.841700 0.518300
vt 0.845300 0.499800
vt 0.853800 0.502500
vt 0.845300 0.485500
vt 0.853800 0.482900
vt 0.836500 0.473900
vt 0.841700 0.467100
vt 0.822100 0.469500
vt 0.822100 0.461000
vt 0.807800 0.473900
vt 0.802600 0.467100
vt 0.858000 0.513000
vt 0.875900 0.524400
vt 0.858000 0.524400
vt 0.875900 0.513000
vt 0.858000 0.499000
vt 0.875900 0.499000
vt 0.832800 0.455500
vt 0.833600 0.455500
vt 0.833600 0.456000
vt 0.832800 0.456000
vt 0.807100 0.456000
vt 0.807100 0.455500
vt 0.806200 0.456000
vt 0.806200 0.455500
vt 0.857500 0.516800
vt 0.875300 0.525100
vt 0.857500 0.525100
vt 0.875300 0.516800
vt 0.857500 0.503500
vt 0.875300 0.503500
vt 0.857500 0.490100
vt 0.875300 0.490100
vt 0.857400 0.481400
vt 0.875300 0.481400
vt 0.807000 0.455100
vt 0.806200 0.455100
vt 0.806200 0.454500
vt 0.807000 0.454500
vt 0.832700 0.455100
vt 0.832700 0.454500
vt 0.833600 0.454500
vt 0.833600 0.455100
vt 0.923400 0.987700
vt 0.919000 0.989400
vt 0.914600 0.988000
vt 0.926000 0.983500
vt 0.911700 0.984100
vt 0.925800 0.978500
vt 0.911600 0.979000
vt 0.923000 0.974500
vt 0.914200 0.974900
vt 0.918500 0.973200
vt 0.790500 0.482900
vt 0.798900 0.485500
vt 0.798900 0.499800
vt 0.790500 0.502500
vt 0.807800 0.511400
vt 0.802600 0.518300
vt 0.822100 0.515900
vt 0.822100 0.524300
vt 0.836500 0.511400
vt 0.841700 0.518300
vt 0.845300 0.499800
vt 0.853800 0.502500
vt 0.845300 0.485500
vt 0.853800 0.482900
vt 0.836500 0.473900
vt 0.841700 0.467100
vt 0.822100 0.469500
vt 0.822100 0.461000
vt 0.807800 0.473900
vt 0.802600 0.467100
vt 0.990800 0.005500
vt 0.990800 0.994900
vt 0.984400 0.994900
vt 0.984400 0.005500
vt 0.978000 0.005500
vt 0.978000 0.994900
vt 0.971600 0.994900
vt 0.971600 0.005500
vt 0.965200 0.994900
vt 0.965200 0.005500
vt 0.958800 0.994900
vt 0.958800 0.005500
vt 0.952400 0.994900
vt 0.952400 0.005500
vt 0.946000 0.994900
vt 0.946000 0.005500
vt 0.939600 0.994900
vt 0.939600 0.005500
vt 0.933200 0.994900
vt 0.933200 0.005500
vt 0.926800 0.994900
vt 0.926800 0.005500
vt 0.790500 0.482900
vt 0.798900 0.485500
vt 0.798900 0.499800
vt 0.790500 0.502500
vt 0.807800 0.511400
vt 0.802600 0.518300
vt 0.822100 0.515900
vt 0.822100 0.524300
vt 0.836500 0.511400
vt 0.841700 0.518300
vt 0.845300 0.499800
vt 0.853800 0.502500
vt 0.845300 0.485500
vt 0.853800 0.482900
vt 0.836500 0.473900
vt 0.841700 0.467100
vt 0.822100 0.469500
vt 0.822100 0.461000
vt 0.807800 0.473900
vt 0.802600 0.467100
vt 0.790500 0.482900
vt 0.798900 0.485500
vt 0.798900 0.499800
vt 0.790500 0.502500
vt 0.807800 0.511400
vt 0.802600 0.518300
vt 0.822100 0.515900
vt 0.822100 0.524300
vt 0.836500 0.511400
vt 0.841700 0.518300
vt 0.845300 0.499800
vt 0.853800 0.502500
vt 0.845300 0.485500
vt 0.853800 0.482900
vt 0.836500 0.473900
vt 0.841700 0.467100
vt 0.822100 0.469500
vt 0.822100 0.461000
vt 0.807800 0.473900
vt 0.802600 0.467100
vt 0.790500 0.482900
vt 0.798900 0.485500
vt 0.798900 0.499800
vt 0.790500 0.502500
vt 0.807800 0.511400
vt 0.802600 0.518300
vt 0.822100 0.515900
vt 0.822100 0.524300
vt 0.836500 0.511400
vt 0.841700 0.518300
vt 0.845300 0.499800
vt 0.853800 0.502500
vt 0.845300 0.485500
vt 0.853800 0.482900
vt 0.836500 0.473900
vt 0.841700 0.467100
vt 0.822100 0.469500
vt 0.822100 0.461000
vt 0.807800 0.473900
vt 0.802600 0.467100
vt 0.902800 0.999400
vt 0.905900 0.001100
vt 0.905400 0.999400
vt 0.903300 0.001100
vt 0.900200 0.999400
vt 0.900700 0.001100
vt 0.897600 0.999400
vt 0.898100 0.001100
vt 0.895000 0.999400
vt 0.895500 0.001100
vt 0.892400 0.999400
vt 0.892900 0.001100
vt 0.889700 0.999400
vt 0.890300 0.001100
vt 0.887100 0.999400
vt 0.887700 0.001100
vt 0.884500 0.999400
vt 0.885100 0.001100
vt 0.883000 0.999400
vt 0.885100 0.001100
vt 0.885600 0.999400
vt 0.882500 0.001100
vt 0.880400 0.999400
vt 0.879900 0.001100
vt 0.883000 0.999400
vt 0.885100 0.001100
vt 0.885600 0.999400
vt 0.882500 0.001100
vt 0.880400 0.999400
vt 0.879900 0.001100
vt 0.902800 0.999400
vt 0.905900 0.001100
vt 0.905400 0.999400
vt 0.903300 0.001100
vt 0.900200 0.999400
vt 0.900700 0.001100
vt 0.897600 0.999400
vt 0.898100 0.001100
vt 0.895000 0.999400
vt 0.895500 0.001100
vt 0.892400 0.999400
vt 0.892900 0.001100
vt 0.889700 0.999400
vt 0.890300 0.001100
vt 0.887100 0.999400
vt 0.887700 0.001100
vt 0.884500 0.999400
vt 0.885100 0.001100
vt 0.902800 0.999400
vt 0.905900 0.001100
vt 0.905400 0.999400
vt 0.903300 0.001100
vt 0.900200 0.999400
vt 0.900700 0.001100
vt 0.897600 0.999400
vt 0.898100 0.001100
vt 0.895000 0.999400
vt 0.895500 0.001100
vt 0.892400 0.999400
vt 0.892900 0.001100
vt 0.889700 0.999400
vt 0.890300 0.001100
vt 0.887100 0.999400
vt 0.887700 0.001100
vt 0.884500 0.999400
vt 0.885100 0.001100
vt 0.883000 0.999400
vt 0.885100 0.001100
vt 0.885600 0.999400
vt 0.882500 0.001100
vt 0.880400 0.999400
vt 0.879900 0.001100
vt 0.883000 0.999400
vt 0.885100 0.001100
vt 0.885600 0.999400
vt 0.882500 0.001100
vt 0.880400 0.999400
vt 0.879900 0.001100
vt 0.902800 0.999400
vt 0.905900 0.001100
vt 0.905400 0.999400
vt 0.903300 0.001100
vt 0.900200 0.999400
vt 0.900700 0.001100
vt 0.897600 0.999400
vt 0.898100 0.001100
vt 0.895000 0.999400
vt 0.895500 0.001100
vt 0.892400 0.999400
vt 0.892900 0.001100
vt 0.889700 0.999400
vt 0.890300 0.001100
vt 0.887100 0.999400
vt 0.887700 0.001100
vt 0.884500 0.999400
vt 0.885100 0.001100
vt 0.902800 0.999400
vt 0.905900 0.001100
vt 0.905400 0.999400
vt 0.903300 0.001100
vt 0.900200 0.999400
vt 0.900700 0.001100
vt 0.897600 0.999400
vt 0.898100 0.001100
vt 0.895000 0.999400
vt 0.895500 0.001100
vt 0.892400 0.999400
vt 0.892900 0.001100
vt 0.889700 0.999400
vt 0.890300 0.001100
vt 0.887100 0.999400
vt 0.887700 0.001100
vt 0.884500 0.999400
vt 0.885100 0.001100
vt 0.883000 0.999400
vt 0.885100 0.001100
vt 0.885600 0.999400
vt 0.882500 0.001100
vt 0.880400 0.999400
vt 0.879900 0.001100
vt 0.800500 0.487200
vt 0.808600 0.476500
vt 0.810800 0.479100
vt 0.803800 0.488300
vt 0.800500 0.500300
vt 0.803800 0.499600
vt 0.808600 0.510900
vt 0.810800 0.508700
vt 0.821800 0.514900
vt 0.822100 0.512200
vt 0.835000 0.510700
vt 0.833400 0.508700
vt 0.843100 0.500000
vt 0.840400 0.499600
vt 0.843100 0.486900
vt 0.840400 0.488300
vt 0.835000 0.476300
vt 0.833400 0.479100
vt 0.821800 0.472300
vt 0.822100 0.475600
vt 0.729600 0.927600
vt 0.733800 0.921700
vt 0.739100 0.923400
vt 0.739100 0.930700
vt 0.744400 0.921700
vt 0.748700 0.927600
vt 0.747700 0.917200
vt 0.754600 0.919500
vt 0.747700 0.911700
vt 0.754600 0.909400
vt 0.744400 0.907100
vt 0.748700 0.901300
vt 0.739100 0.905400
vt 0.739100 0.898200
vt 0.733800 0.907100
vt 0.729600 0.901300
vt 0.730600 0.911700
vt 0.723600 0.909400
vt 0.730600 0.917200
vt 0.723600 0.919500
vt 0.739100 0.914400
vt 0.984400 0.005500
vt 0.990800 0.994900
vt 0.990800 0.005500
vt 0.984400 0.994900
vt 0.978000 0.005500
vt 0.978000 0.994900
vt 0.971600 0.005500
vt 0.971600 0.994900
vt 0.965200 0.005500
vt 0.965200 0.994900
vt 0.958800 0.005500
vt 0.958800 0.994900
vt 0.952400 0.005500
vt 0.952400 0.994900
vt 0.946000 0.005500
vt 0.946000 0.994900
vt 0.939600 0.005500
vt 0.939600 0.994900
vt 0.933200 0.005500
vt 0.933200 0.994900
vt 0.926800 0.005500
vt 0.926800 0.994900
vt 0.730600 0.992400
vt 0.725100 0.997400
vt 0.725100 0.992400
vt 0.730600 0.997400
vt 0.747400 0.992400
vt 0.747400 0.997400
vt 0.752900 0.992400
vt 0.752900 0.997400
vt 0.752900 0.968100
vt 0.752900 0.973100
vt 0.747400 0.973100
vt 0.747400 0.968100
vt 0.730600 0.973100
vt 0.730600 0.968100
vt 0.725100 0.973100
vt 0.725100 0.968100
vt 0.902800 0.999400
vt 0.905900 0.001100
vt 0.905400 0.999400
vt 0.903300 0.001100
vt 0.900200 0.999400
vt 0.900700 0.001100
vt 0.897600 0.999400
vt 0.898100 0.001100
vt 0.895000 0.999400
vt 0.895500 0.001100
vt 0.892400 0.999400
vt 0.892900 0.001100
vt 0.889700 0.999400
vt 0.890300 0.001100
vt 0.887100 0.999400
vt 0.887700 0.001100
vt 0.884500 0.999400
vt 0.885100 0.001100
vt 0.883000 0.999400
vt 0.885100 0.001100
vt 0.885600 0.999400
vt 0.882500 0.001100
vt 0.880400 0.999400
vt 0.879900 0.001100
vt 0.837400 0.806900
vt 0.795700 0.803700
vt 0.837400 0.803700
vt 0.795700 0.806900
vt 0.793600 0.803700
vt 0.793600 0.806900
vt 0.864800 0.631600
vt 0.863900 0.838700
vt 0.863400 0.838700
vt 0.863800 0.631600
vt 0.862400 0.838700
vt 0.862200 0.631600
vt 0.861300 0.838700
vt 0.860700 0.631600
vt 0.855300 0.631600
vt 0.854500 0.838700
vt 0.853900 0.838700
vt 0.854400 0.631600
vt 0.852900 0.838700
vt 0.852800 0.631600
vt 0.851900 0.838700
vt 0.851200 0.631600
vt 0.851200 0.838700
vt 0.850200 0.631600
vt 0.792300 0.843500
vt 0.827700 0.843600
vt 0.827700 0.870100
vt 0.792300 0.870100
vt 0.827700 0.902100
vt 0.792300 0.902100
vt 0.827700 0.934500
vt 0.792300 0.934500
vt 0.827700 0.963100
vt 0.792300 0.963100
vt 0.827700 0.997200
vt 0.792300 0.997300
vt 0.830000 0.843600
vt 0.865600 0.843600
vt 0.865600 0.870200
vt 0.830000 0.870200
vt 0.830000 0.902000
vt 0.865600 0.902000
vt 0.865600 0.934600
vt 0.830000 0.934500
vt 0.865400 0.963100
vt 0.830100 0.963100
vt 0.865400 0.996400
vt 0.830100 0.996500
vt 0.831900 0.453200
vt 0.833600 0.452600
vt 0.833600 0.453200
vt 0.831900 0.452600
vt 0.807800 0.453200
vt 0.807800 0.452600
vt 0.806200 0.453200
vt 0.806200 0.452600
vt 0.790500 0.482900
vt 0.798900 0.485500
vt 0.798900 0.499800
vt 0.790500 0.502500
vt 0.807800 0.511400
vt 0.802600 0.518300
vt 0.822100 0.515900
vt 0.822100 0.524300
vt 0.836500 0.511400
vt 0.841700 0.518300
vt 0.845300 0.499800
vt 0.853800 0.502500
vt 0.845300 0.485500
vt 0.853800 0.482900
vt 0.836500 0.473900
vt 0.841700 0.467100
vt 0.822100 0.469500
vt 0.822100 0.461000
vt 0.807800 0.473900
vt 0.802600 0.467100
vt 0.790500 0.482900
vt 0.798900 0.485500
vt 0.798900 0.499800
vt 0.790500 0.502500
vt 0.807800 0.511400
vt 0.802600 0.518300
vt 0.822100 0.515900
vt 0.822100 0.524300
vt 0.836500 0.511400
vt 0.841700 0.518300
vt 0.845300 0.499800
vt 0.853800 0.502500
vt 0.845300 0.485500
vt 0.853800 0.482900
vt 0.836500 0.473900
vt 0.841700 0.467100
vt 0.822100 0.469500
vt 0.822100 0.461000
vt 0.807800 0.473900
vt 0.802600 0.467100
vt 0.840400 0.499600
vt 0.833400 0.508700
vt 0.829800 0.504000
vt 0.834600 0.497800
vt 0.840400 0.488300
vt 0.834600 0.490100
vt 0.833400 0.479100
vt 0.829800 0.483800
vt 0.822100 0.475600
vt 0.822100 0.481500
vt 0.810800 0.479100
vt 0.814400 0.483800
vt 0.809600 0.490100
vt 0.809600 0.497800
vt 0.814400 0.504000
vt 0.822100 0.506400
vt 0.803800 0.488300
vt 0.803800 0.499600
vt 0.810800 0.508700
vt 0.822100 0.512200
vt 0.832400 0.600100
vt 0.848900 0.594900
vt 0.861300 0.611000
vt 0.832400 0.620000
vt 0.815700 0.595000
vt 0.803500 0.611200
vt 0.805500 0.581700
vt 0.785600 0.587900
vt 0.805400 0.565000
vt 0.785500 0.559000
vt 0.815600 0.551600
vt 0.803300 0.535500
vt 0.832200 0.546400
vt 0.832200 0.526500
vt 0.848800 0.551400
vt 0.861100 0.535300
vt 0.859100 0.564800
vt 0.879000 0.558600
vt 0.859200 0.581400
vt 0.879100 0.587500
vt 0.857000 0.494400
vt 0.874800 0.504600
vt 0.856900 0.504600
vt 0.874900 0.494400
vt 0.857000 0.481100
vt 0.874900 0.481100
vt 0.857000 0.467700
vt 0.874900 0.467700
vt 0.782000 0.995800
vt 0.756500 0.995800
vt 0.756500 0.985000
vt 0.782000 0.985000
vt 0.756500 0.972600
vt 0.782000 0.972500
vt 0.756500 0.962400
vt 0.782000 0.962300
vt 0.756500 0.951200
vt 0.782000 0.951300
vt 0.756500 0.941100
vt 0.782000 0.941100
vt 0.756500 0.929500
vt 0.782000 0.929500
vt 0.756500 0.918700
vt 0.782000 0.918800
vt 0.756500 0.910600
vt 0.781900 0.910600
vt 0.756500 0.900200
vt 0.782000 0.900200
vt 0.756500 0.890400
vt 0.782000 0.890400
vt 0.786600 0.900200
vt 0.786600 0.890100
vt 0.786500 0.910600
vt 0.786600 0.918800
vt 0.786600 0.929500
vt 0.786600 0.941100
vt 0.786600 0.951300
vt 0.786600 0.962300
vt 0.786500 0.972600
vt 0.786500 0.985000
vt 0.786500 0.995600
vt 0.873900 0.478300
vt 0.856100 0.478300
vt 0.856100 0.492800
vt 0.873900 0.492800
vt 0.803800 0.499600
vt 0.803800 0.488300
vt 0.809600 0.490100
vt 0.814400 0.483800
vt 0.810800 0.479100
vt 0.822100 0.481500
vt 0.822100 0.475600
vt 0.829800 0.483800
vt 0.833400 0.479100
vt 0.834600 0.490100
vt 0.840400 0.488300
vt 0.834600 0.497800
vt 0.840400 0.499600
vt 0.829800 0.504000
vt 0.833400 0.508700
vt 0.822100 0.506400
vt 0.822100 0.512200
vt 0.814400 0.504000
vt 0.810800 0.508700
vt 0.809600 0.497800
vt 0.873900 0.478300
vt 0.856100 0.478300
vt 0.856100 0.492800
vt 0.873900 0.492800
vt 0.803800 0.499600
vt 0.803800 0.488300
vt 0.809600 0.490100
vt 0.814400 0.483800
vt 0.810800 0.479100
vt 0.822100 0.481500
vt 0.822100 0.475600
vt 0.829800 0.483800
vt 0.833400 0.479100
vt 0.834600 0.490100
vt 0.840400 0.488300
vt 0.834600 0.497800
vt 0.840400 0.499600
vt 0.829800 0.504000
vt 0.833400 0.508700
vt 0.822100 0.506400
vt 0.822100 0.512200
vt 0.814400 0.504000
vt 0.810800 0.508700
vt 0.809600 0.497800
vt 0.857400 0.481400
vt 0.875300 0.481400
vt 0.875300 0.490100
vt 0.857500 0.490100
vt 0.875300 0.503500
vt 0.857500 0.503500
vt 0.875300 0.516800
vt 0.857500 0.516800
vt 0.875300 0.525100
vt 0.857500 0.525100
vt 0.853800 0.502500
vt 0.845300 0.499800
vt 0.845300 0.485500
vt 0.853800 0.482900
vt 0.836500 0.473900
vt 0.841700 0.467100
vt 0.822100 0.469500
vt 0.822100 0.461000
vt 0.807800 0.473900
vt 0.802600 0.467100
vt 0.798900 0.485500
vt 0.790500 0.482900
vt 0.798900 0.499800
vt 0.790500 0.502500
vt 0.807800 0.511400
vt 0.802600 0.518300
vt 0.822100 0.515900
vt 0.822100 0.524300
vt 0.836500 0.511400
vt 0.841700 0.518300
vt 0.858000 0.513000
vt 0.875900 0.524400
vt 0.858000 0.524400
vt 0.875900 0.513000
vt 0.858000 0.499000
vt 0.875900 0.499000
vt 0.800500 0.487200
vt 0.808600 0.476500
vt 0.810800 0.479100
vt 0.803800 0.488300
vt 0.800500 0.500300
vt 0.803800 0.499600
vt 0.808600 0.510900
vt 0.810800 0.508700
vt 0.821800 0.514900
vt 0.822100 0.512200
vt 0.835000 0.510700
vt 0.833400 0.508700
vt 0.843100 0.500000
vt 0.840400 0.499600
vt 0.843100 0.486900
vt 0.840400 0.488300
vt 0.835000 0.476300
vt 0.833400 0.479100
vt 0.821800 0.472300
vt 0.822100 0.475600
vt 0.873900 0.478300
vt 0.856100 0.478300
vt 0.856100 0.492800
vt 0.873900 0.492800
vt 0.803800 0.499600
vt 0.803800 0.488300
vt 0.809600 0.490100
vt 0.814400 0.483800
vt 0.810800 0.479100
vt 0.822100 0.481500
vt 0.822100 0.475600
vt 0.829800 0.483800
vt 0.833400 0.479100
vt 0.834600 0.490100
vt 0.840400 0.488300
vt 0.834600 0.497800
vt 0.840400 0.499600
vt 0.829800 0.504000
vt 0.833400 0.508700
vt 0.822100 0.506400
vt 0.822100 0.512200
vt 0.814400 0.504000
vt 0.810800 0.508700
vt 0.809600 0.497800
vt 0.873900 0.478300
vt 0.856100 0.478300
vt 0.856100 0.492800
vt 0.873900 0.492800
vt 0.796800 0.370700
vt 0.810100 0.370800
vt 0.810100 0.370900
vt 0.796800 0.370800
vt 0.782100 0.370800
vt 0.782100 0.370700
vt 0.775300 0.371400
vt 0.775300 0.371500
vt 0.765500 0.370700
vt 0.765500 0.370800
vt 0.759100 0.370600
vt 0.759100 0.370700
vt 0.743200 0.370300
vt 0.743200 0.370300
vt 0.743200 0.370200
vt 0.759100 0.370500
vt 0.765500 0.370700
vt 0.775300 0.371300
vt 0.782100 0.370600
vt 0.796800 0.370600
vt 0.810100 0.370800
vt 0.827700 0.370200
vt 0.827700 0.370200
vt 0.827700 0.370300
vt 0.837500 0.368600
vt 0.850200 0.367300
vt 0.837500 0.368600
vt 0.850200 0.367300
vt 0.837500 0.368500
vt 0.837500 0.368500
vt 0.850200 0.367200
vt 0.850200 0.367100
vt 0.864400 0.373600
vt 0.864400 0.373500
vt 0.837500 0.355400
vt 0.827700 0.355200
vt 0.837500 0.355300
vt 0.827700 0.355300
vt 0.810100 0.354100
vt 0.810100 0.354100
vt 0.796800 0.354300
vt 0.796800 0.354400
vt 0.782100 0.355900
vt 0.782100 0.356000
vt 0.775200 0.356500
vt 0.775300 0.356600
vt 0.765500 0.356800
vt 0.765500 0.356900
vt 0.759100 0.357900
vt 0.759100 0.358000
vt 0.743200 0.358300
vt 0.743200 0.358400
vt 0.759100 0.359800
vt 0.759100 0.359700
vt 0.765500 0.360800
vt 0.743200 0.359300
vt 0.743200 0.359400
vt 0.796800 0.363300
vt 0.810100 0.363500
vt 0.810100 0.363600
vt 0.827700 0.362500
vt 0.827700 0.362400
vt 0.837500 0.362300
vt 0.837500 0.362400
vt 0.837500 0.362400
vt 0.827700 0.362500
vt 0.810100 0.363700
vt 0.796800 0.363400
vt 0.782100 0.361700
vt 0.782100 0.361700
vt 0.775300 0.361100
vt 0.775300 0.361200
vt 0.765500 0.360900
vt 0.759100 0.359800
vt 0.743200 0.359400
vt 0.796800 0.363400
vt 0.782100 0.361800
vt 0.775300 0.361300
vt 0.765500 0.360900
vt 0.769400 0.753500
vt 0.729200 0.753500
vt 0.729200 0.716900
vt 0.769400 0.716600
vt 0.729200 0.672200
vt 0.769400 0.671800
vt 0.729200 0.626800
vt 0.769400 0.626800
vt 0.729200 0.589300
vt 0.769400 0.589300
vt 0.729200 0.541700
vt 0.769400 0.541700
vt 0.729200 0.505000
vt 0.769400 0.505000
vt 0.780100 0.541700
vt 0.780100 0.505000
vt 0.780100 0.753500
vt 0.780100 0.716900
vt 0.780100 0.672200
vt 0.780100 0.626800
vt 0.780100 0.589300
vt 0.829100 0.625000
vt 0.839700 0.625100
vt 0.839700 0.671600
vt 0.829100 0.671600
vt 0.839700 0.699400
vt 0.829100 0.699500
vt 0.839700 0.743800
vt 0.829100 0.744000
vt 0.839700 0.788100
vt 0.829100 0.788100
vt 0.788800 0.744000
vt 0.788800 0.788000
vt 0.788800 0.625000
vt 0.788800 0.671600
vt 0.788800 0.699500
vt 0.800500 0.487200
vt 0.808600 0.476500
vt 0.810800 0.479100
vt 0.803800 0.488300
vt 0.800500 0.500300
vt 0.803800 0.499600
vt 0.808600 0.510900
vt 0.810800 0.508700
vt 0.821800 0.514900
vt 0.822100 0.512200
vt 0.835000 0.510700
vt 0.833400 0.508700
vt 0.843100 0.500000
vt 0.840400 0.499600
vt 0.843100 0.486900
vt 0.840400 0.488300
vt 0.835000 0.476300
vt 0.833400 0.479100
vt 0.821800 0.472300
vt 0.822100 0.475600
vt 0.873900 0.478300
vt 0.856100 0.478300
vt 0.856100 0.492800
vt 0.873900 0.492800
vt 0.803800 0.499600
vt 0.803800 0.488300
vt 0.809600 0.490100
vt 0.814400 0.483800
vt 0.810800 0.479100
vt 0.822100 0.481500
vt 0.822100 0.475600
vt 0.829800 0.483800
vt 0.833400 0.479100
vt 0.834600 0.490100
vt 0.840400 0.488300
vt 0.834600 0.497800
vt 0.840400 0.499600
vt 0.829800 0.504000
vt 0.833400 0.508700
vt 0.822100 0.506400
vt 0.822100 0.512200
vt 0.814400 0.504000
vt 0.810800 0.508700
vt 0.809600 0.497800
vt 0.873900 0.478300
vt 0.856100 0.478300
vt 0.856100 0.492800
vt 0.873900 0.492800
vt 0.803800 0.499600
vt 0.803800 0.488300
vt 0.809600 0.490100
vt 0.814400 0.483800
vt 0.810800 0.479100
vt 0.822100 0.481500
vt 0.822100 0.475600
vt 0.829800 0.483800
vt 0.833400 0.479100
vt 0.834600 0.490100
vt 0.840400 0.488300
vt 0.834600 0.497800
vt 0.840400 0.499600
vt 0.829800 0.504000
vt 0.833400 0.508700
vt 0.822100 0.506400
vt 0.822100 0.512200
vt 0.814400 0.504000
vt 0.810800 0.508700
vt 0.809600 0.497800
vt 0.750100 0.201500
vt 0.858600 0.152400
vt 0.857900 0.144300
vt 0.756000 0.207600
vt 0.868400 0.343100
vt 0.752100 0.348900
vt 0.744500 0.225000
vt 0.734800 0.349800
vt 0.726000 0.351000
vt 0.736700 0.218600
vt 0.800500 0.487200
vt 0.808600 0.476500
vt 0.810800 0.479100
vt 0.803800 0.488300
vt 0.800500 0.500300
vt 0.803800 0.499600
vt 0.808600 0.510900
vt 0.810800 0.508700
vt 0.821800 0.514900
vt 0.822100 0.512200
vt 0.835000 0.510700
vt 0.833400 0.508700
vt 0.843100 0.500000
vt 0.840400 0.499600
vt 0.843100 0.486900
vt 0.840400 0.488300
vt 0.835000 0.476300
vt 0.833400 0.479100
vt 0.821800 0.472300
vt 0.822100 0.475600
vt 0.873900 0.478300
vt 0.856100 0.478300
vt 0.856100 0.492800
vt 0.873900 0.492800
vt 0.902800 0.999400
vt 0.905900 0.001100
vt 0.905400 0.999400
vt 0.903300 0.001100
vt 0.900200 0.999400
vt 0.900700 0.001100
vt 0.897600 0.999400
vt 0.898100 0.001100
vt 0.895000 0.999400
vt 0.895500 0.001100
vt 0.892400 0.999400
vt 0.892900 0.001100
vt 0.889700 0.999400
vt 0.890300 0.001100
vt 0.887100 0.999400
vt 0.887700 0.001100
vt 0.884500 0.999400
vt 0.885100 0.001100
vt 0.883000 0.999400
vt 0.885100 0.001100
vt 0.885600 0.999400
vt 0.882500 0.001100
vt 0.880400 0.999400
vt 0.879900 0.001100
vt 0.800500 0.487200
vt 0.808600 0.476500
vt 0.810800 0.479100
vt 0.803800 0.488300
vt 0.800500 0.500300
vt 0.803800 0.499600
vt 0.808600 0.510900
vt 0.810800 0.508700
vt 0.821800 0.514900
vt 0.822100 0.512200
vt 0.835000 0.510700
vt 0.833400 0.508700
vt 0.843100 0.500000
vt 0.840400 0.499600
vt 0.843100 0.486900
vt 0.840400 0.488300
vt 0.835000 0.476300
vt 0.833400 0.479100
vt 0.821800 0.472300
vt 0.822100 0.475600
vt 0.873900 0.478300
vt 0.856100 0.478300
vt 0.856100 0.492800
vt 0.873900 0.492800
vt 0.803800 0.499600
vt 0.803800 0.488300
vt 0.809600 0.490100
vt 0.814400 0.483800
vt 0.810800 0.479100
vt 0.822100 0.481500
vt 0.822100 0.475600
vt 0.829800 0.483800
vt 0.833400 0.479100
vt 0.834600 0.490100
vt 0.840400 0.488300
vt 0.834600 0.497800
vt 0.840400 0.499600
vt 0.829800 0.504000
vt 0.833400 0.508700
vt 0.822100 0.506400
vt 0.822100 0.512200
vt 0.814400 0.504000
vt 0.810800 0.508700
vt 0.809600 0.497800
vt 0.902800 0.999400
vt 0.905900 0.001100
vt 0.905400 0.999400
vt 0.903300 0.001100
vt 0.900200 0.999400
vt 0.900700 0.001100
vt 0.897600 0.999400
vt 0.898100 0.001100
vt 0.895000 0.999400
vt 0.895500 0.001100
vt 0.892400 0.999400
vt 0.892900 0.001100
vt 0.889700 0.999400
vt 0.890300 0.001100
vt 0.887100 0.999400
vt 0.887700 0.001100
vt 0.884500 0.999400
vt 0.885100 0.001100
vt 0.883000 0.999400
vt 0.885100 0.001100
vt 0.885600 0.999400
vt 0.882500 0.001100
vt 0.880400 0.999400
vt 0.879900 0.001100
vt 0.800500 0.487200
vt 0.808600 0.476500
vt 0.810800 0.479100
vt 0.803800 0.488300
vt 0.800500 0.500300
vt 0.803800 0.499600
vt 0.808600 0.510900
vt 0.810800 0.508700
vt 0.821800 0.514900
vt 0.822100 0.512200
vt 0.835000 0.510700
vt 0.833400 0.508700
vt 0.843100 0.500000
vt 0.840400 0.499600
vt 0.843100 0.486900
vt 0.840400 0.488300
vt 0.835000 0.476300
vt 0.833400 0.479100
vt 0.821800 0.472300
vt 0.822100 0.475600
vt 0.873900 0.478300
vt 0.856100 0.478300
vt 0.856100 0.492800
vt 0.873900 0.492800
vt 0.803800 0.499600
vt 0.803800 0.488300
vt 0.809600 0.490100
vt 0.814400 0.483800
vt 0.810800 0.479100
vt 0.822100 0.481500
vt 0.822100 0.475600
vt 0.829800 0.483800
vt 0.833400 0.479100
vt 0.834600 0.490100
vt 0.840400 0.488300
vt 0.834600 0.497800
vt 0.840400 0.499600
vt 0.829800 0.504000
vt 0.833400 0.508700
vt 0.822100 0.506400
vt 0.822100 0.512200
vt 0.814400 0.504000
vt 0.810800 0.508700
vt 0.809600 0.497800
vt 0.830000 0.843600
vt 0.865600 0.843600
vt 0.865600 0.870200
vt 0.830000 0.870200
vt 0.830000 0.902000
vt 0.865600 0.902000
vt 0.865600 0.934600
vt 0.830000 0.934500
vt 0.865400 0.963100
vt 0.830100 0.963100
vt 0.865400 0.996400
vt 0.830100 0.996500
vt 0.873900 0.478300
vt 0.856100 0.478300
vt 0.856100 0.492800
vt 0.873900 0.492800
vt 0.803800 0.499600
vt 0.803800 0.488300
vt 0.809600 0.490100
vt 0.814400 0.483800
vt 0.810800 0.479100
vt 0.822100 0.481500
vt 0.822100 0.475600
vt 0.829800 0.483800
vt 0.833400 0.479100
vt 0.834600 0.490100
vt 0.840400 0.488300
vt 0.834600 0.497800
vt 0.840400 0.499600
vt 0.829800 0.504000
vt 0.833400 0.508700
vt 0.822100 0.506400
vt 0.822100 0.512200
vt 0.814400 0.504000
vt 0.810800 0.508700
vt 0.809600 0.497800
vt 0.902800 0.999400
vt 0.905900 0.001100
vt 0.905400 0.999400
vt 0.903300 0.001100
vt 0.900200 0.999400
vt 0.900700 0.001100
vt 0.897600 0.999400
vt 0.898100 0.001100
vt 0.895000 0.999400
vt 0.895500 0.001100
vt 0.892400 0.999400
vt 0.892900 0.001100
vt 0.889700 0.999400
vt 0.890300 0.001100
vt 0.887100 0.999400
vt 0.887700 0.001100
vt 0.884500 0.999400
vt 0.885100 0.001100
vt 0.883000 0.999400
vt 0.885100 0.001100
vt 0.885600 0.999400
vt 0.882500 0.001100
vt 0.880400 0.999400
vt 0.879900 0.001100
vt 0.800500 0.487200
vt 0.808600 0.476500
vt 0.810800 0.479100
vt 0.803800 0.488300
vt 0.800500 0.500300
vt 0.803800 0.499600
vt 0.808600 0.510900
vt 0.810800 0.508700
vt 0.821800 0.514900
vt 0.822100 0.512200
vt 0.835000 0.510700
vt 0.833400 0.508700
vt 0.843100 0.500000
vt 0.840400 0.499600
vt 0.843100 0.486900
vt 0.840400 0.488300
vt 0.835000 0.476300
vt 0.833400 0.479100
vt 0.821800 0.472300
vt 0.822100 0.475600
vt 0.873900 0.478300
vt 0.856100 0.478300
vt 0.856100 0.492800
vt 0.873900 0.492800
vt 0.803800 0.499600
vt 0.803800 0.488300
vt 0.809600 0.490100
vt 0.814400 0.483800
vt 0.810800 0.479100
vt 0.822100 0.481500
vt 0.822100 0.475600
vt 0.829800 0.483800
vt 0.833400 0.479100
vt 0.834600 0.490100
vt 0.840400 0.488300
vt 0.834600 0.497800
vt 0.840400 0.499600
vt 0.829800 0.504000
vt 0.833400 0.508700
vt 0.822100 0.506400
vt 0.822100 0.512200
vt 0.814400 0.504000
vt 0.810800 0.508700
vt 0.809600 0.497800
vt 0.867400 0.838700
vt 0.866400 0.838700
vt 0.866200 0.631600
vt 0.867800 0.631600
vt 0.843600 0.442800
vt 0.838500 0.442500
vt 0.838500 0.452300
vt 0.843600 0.452600
vt 0.848000 0.452500
vt 0.848100 0.442700
vt 0.849000 0.442300
vt 0.848900 0.452100
vt 0.846900 0.441700
vt 0.846800 0.451500
vt 0.843000 0.441300
vt 0.842900 0.451100
vt 0.839400 0.451200
vt 0.839400 0.441400
vt 0.836500 0.451500
vt 0.836600 0.441700
vt 0.834500 0.451700
vt 0.834500 0.441900
vt 0.828900 0.451800
vt 0.828900 0.442000
vt 0.828900 0.442000
vt 0.807500 0.442000
vt 0.807400 0.451800
vt 0.828900 0.451800
vt 0.835700 0.442300
vt 0.835700 0.452100
vt 0.769400 0.753500
vt 0.729200 0.753500
vt 0.729200 0.716900
vt 0.769400 0.716600
vt 0.729200 0.672200
vt 0.769400 0.671800
vt 0.729200 0.626800
vt 0.769400 0.626800
vt 0.729200 0.589300
vt 0.769400 0.589300
vt 0.729200 0.541700
vt 0.769400 0.541700
vt 0.729200 0.505000
vt 0.769400 0.505000
vt 0.780100 0.541700
vt 0.780100 0.505000
vt 0.780100 0.753500
vt 0.780100 0.716900
vt 0.780100 0.672200
vt 0.780100 0.626800
vt 0.780100 0.589300
vt 0.829100 0.625000
vt 0.839700 0.625100
vt 0.839700 0.671600
vt 0.829100 0.671600
vt 0.839700 0.699400
vt 0.829100 0.699500
vt 0.839700 0.743800
vt 0.829100 0.744000
vt 0.839700 0.788100
vt 0.829100 0.788100
vt 0.788800 0.744000
vt 0.788800 0.788000
vt 0.788800 0.625000
vt 0.788800 0.671600
vt 0.788800 0.699500
vt 0.863900 0.838700
vt 0.863800 0.631600
vt 0.864800 0.631600
vt 0.863400 0.838700
vt 0.862400 0.838700
vt 0.862200 0.631600
vt 0.861300 0.838700
vt 0.860700 0.631600
vt 0.859500 0.631600
vt 0.858600 0.838700
vt 0.857700 0.838700
vt 0.858200 0.631600
vt 0.856700 0.838700
vt 0.856500 0.631600
vt 0.792300 0.843500
vt 0.827700 0.843600
vt 0.827700 0.870100
vt 0.792300 0.870100
vt 0.827700 0.902100
vt 0.792300 0.902100
vt 0.827700 0.934500
vt 0.792300 0.934500
vt 0.827700 0.963100
vt 0.792300 0.963100
vt 0.827700 0.997200
vt 0.792300 0.997300
vt 0.782000 0.780900
vt 0.786600 0.780700
vt 0.786600 0.790800
vt 0.782000 0.790800
vt 0.756500 0.780900
vt 0.756500 0.790700
vt 0.781900 0.801100
vt 0.782000 0.886300
vt 0.756500 0.886300
vt 0.756500 0.875600
vt 0.756500 0.801100
vt 0.782000 0.809300
vt 0.756500 0.809300
vt 0.782000 0.820000
vt 0.756500 0.820000
vt 0.782000 0.831600
vt 0.756500 0.831600
vt 0.782000 0.841800
vt 0.756500 0.841800
vt 0.782000 0.852900
vt 0.756500 0.852900
vt 0.782000 0.863100
vt 0.756500 0.863100
vt 0.782000 0.875600
vt 0.786500 0.886100
vt 0.786500 0.875600
vt 0.786500 0.801100
vt 0.786600 0.809300
vt 0.786600 0.820000
vt 0.786600 0.831600
vt 0.786600 0.841800
vt 0.786600 0.852900
vt 0.786500 0.863200
vt 0.857000 0.494400
vt 0.874800 0.504600
vt 0.856900 0.504600
vt 0.874900 0.494400
vt 0.857000 0.481100
vt 0.874900 0.481100
vt 0.857000 0.467700
vt 0.874900 0.467700
vt 0.832300 0.580600
vt 0.836900 0.579200
vt 0.846300 0.591500
vt 0.832300 0.595700
vt 0.827700 0.579100
vt 0.818400 0.591300
vt 0.824800 0.575400
vt 0.809700 0.579900
vt 0.824800 0.570700
vt 0.809700 0.565900
vt 0.827700 0.567000
vt 0.818300 0.554700
vt 0.832300 0.565600
vt 0.832200 0.550500
vt 0.836900 0.567100
vt 0.846200 0.554900
vt 0.839800 0.570800
vt 0.854900 0.566300
vt 0.839800 0.575500
vt 0.854900 0.580300
vt 0.792300 0.843500
vt 0.827700 0.843600
vt 0.827700 0.870100
vt 0.792300 0.870100
vt 0.827700 0.902100
vt 0.792300 0.902100
vt 0.827700 0.934500
vt 0.792300 0.934500
vt 0.827700 0.963100
vt 0.792300 0.963100
vt 0.827700 0.997200
vt 0.792300 0.997300
vt 0.830000 0.843600
vt 0.865600 0.843600
vt 0.865600 0.870200
vt 0.830000 0.870200
vt 0.830000 0.902000
vt 0.865600 0.902000
vt 0.865600 0.934600
vt 0.830000 0.934500
vt 0.865400 0.963100
vt 0.830100 0.963100
vt 0.865400 0.996400
vt 0.830100 0.996500
vt 0.854900 0.580300
vt 0.839800 0.575500
vt 0.839800 0.570800
vt 0.854900 0.566300
vt 0.836900 0.567100
vt 0.846200 0.554900
vt 0.832300 0.565600
vt 0.832200 0.550500
vt 0.827700 0.567000
vt 0.818300 0.554700
vt 0.824800 0.570700
vt 0.809700 0.565900
vt 0.824800 0.575400
vt 0.809700 0.579900
vt 0.827700 0.579100
vt 0.818400 0.591300
vt 0.832300 0.580600
vt 0.832300 0.595700
vt 0.836900 0.579200
vt 0.846300 0.591500
vt 0.858000 0.513000
vt 0.875900 0.524400
vt 0.858000 0.524400
vt 0.875900 0.513000
vt 0.858000 0.499000
vt 0.875900 0.499000
vt 0.832400 0.600100
vt 0.848900 0.594900
vt 0.861300 0.611000
vt 0.832400 0.620000
vt 0.815700 0.595000
vt 0.803500 0.611200
vt 0.805500 0.581700
vt 0.785600 0.587900
vt 0.805400 0.565000
vt 0.785500 0.559000
vt 0.815600 0.551600
vt 0.803300 0.535500
vt 0.832200 0.546400
vt 0.832200 0.526500
vt 0.848800 0.551400
vt 0.861100 0.535300
vt 0.859100 0.564800
vt 0.879000 0.558600
vt 0.859200 0.581400
vt 0.879100 0.587500
vt 0.857500 0.516800
vt 0.875300 0.525100
vt 0.857500 0.525100
vt 0.875300 0.516800
vt 0.857500 0.503500
vt 0.875300 0.503500
vt 0.857500 0.490100
vt 0.875300 0.490100
vt 0.857400 0.481400
vt 0.875300 0.481400
vt 0.475300 0.004300
vt 0.482100 0.998100
vt 0.475300 0.998100
vt 0.482100 0.004300
vt 0.492100 0.998100
vt 0.492100 0.004300
vt 0.535500 0.004300
vt 0.535500 0.998100
vt 0.545600 0.998100
vt 0.545500 0.004300
vt 0.553700 0.998100
vt 0.553600 0.004300
vt 0.840400 0.499600
vt 0.833400 0.508700
vt 0.829800 0.504000
vt 0.834600 0.497800
vt 0.840400 0.488300
vt 0.834600 0.490100
vt 0.833400 0.479100
vt 0.829800 0.483800
vt 0.822100 0.475600
vt 0.822100 0.481500
vt 0.810800 0.479100
vt 0.814400 0.483800
vt 0.809600 0.490100
vt 0.809600 0.497800
vt 0.814400 0.504000
vt 0.822100 0.506400
vt 0.803800 0.488300
vt 0.803800 0.499600
vt 0.810800 0.508700
vt 0.822100 0.512200
vt 0.835000 0.510700
vt 0.822100 0.512200
vt 0.833400 0.508700
vt 0.821800 0.514900
vt 0.810800 0.508700
vt 0.808600 0.510900
vt 0.803800 0.499600
vt 0.800500 0.500300
vt 0.803800 0.488300
vt 0.800500 0.487200
vt 0.810800 0.479100
vt 0.808600 0.476500
vt 0.822100 0.475600
vt 0.821800 0.472300
vt 0.833400 0.479100
vt 0.835000 0.476300
vt 0.840400 0.488300
vt 0.843100 0.486900
vt 0.840400 0.499600
vt 0.843100 0.500000
vt 0.454200 0.004300
vt 0.468400 0.004300
vt 0.468400 0.998100
vt 0.454200 0.998100
vt 0.410400 0.998100
vt 0.410400 0.004300
vt 0.396200 0.004300
vt 0.396200 0.998100
vt 0.620300 0.004300
vt 0.635000 0.004300
vt 0.635000 0.998100
vt 0.620300 0.998100
vt 0.575100 0.998100
vt 0.575100 0.004300
vt 0.560500 0.004300
vt 0.560500 0.998100
vt 0.802500 0.796500
vt 0.793600 0.798000
vt 0.794900 0.795400
vt 0.802500 0.799900
vt 0.793600 0.801200
vt 0.802500 0.803200
vt 0.769400 0.753500
vt 0.729200 0.753500
vt 0.729200 0.716900
vt 0.769400 0.716600
vt 0.729200 0.672200
vt 0.769400 0.671800
vt 0.729200 0.626800
vt 0.769400 0.626800
vt 0.729200 0.589300
vt 0.769400 0.589300
vt 0.729200 0.541700
vt 0.769400 0.541700
vt 0.729200 0.505000
vt 0.769400 0.505000
vt 0.780100 0.541700
vt 0.780100 0.505000
vt 0.780100 0.753500
vt 0.780100 0.716900
vt 0.780100 0.672200
vt 0.780100 0.626800
vt 0.780100 0.589300
vt 0.829100 0.625000
vt 0.839700 0.625100
vt 0.839700 0.671600
vt 0.829100 0.671600
vt 0.839700 0.699400
vt 0.829100 0.699500
vt 0.839700 0.743800
vt 0.829100 0.744000
vt 0.839700 0.788100
vt 0.829100 0.788100
vt 0.788800 0.744000
vt 0.788800 0.788000
vt 0.788800 0.625000
vt 0.788800 0.671600
vt 0.788800 0.699500
vt 0.857700 0.838700
vt 0.856700 0.838700
vt 0.856500 0.631600
vt 0.858200 0.631600
vt 0.859500 0.631600
vt 0.858600 0.838700
vt 0.719900 0.998200
vt 0.710700 0.004600
vt 0.719800 0.004600
vt 0.710600 0.998200
vt 0.702600 0.004600
vt 0.702600 0.998200
vt 0.662500 0.998200
vt 0.662900 0.004600
vt 0.653400 0.004600
vt 0.653700 0.998200
vt 0.641800 0.004600
vt 0.641900 0.998200
vt 0.743200 0.353100
vt 0.757500 0.353100
vt 0.757500 0.353100
vt 0.743200 0.353200
vt 0.757500 0.353200
vt 0.743200 0.353300
vt 0.743200 0.351800
vt 0.757500 0.351900
vt 0.757500 0.351900
vt 0.743200 0.351900
vt 0.757500 0.352000
vt 0.743200 0.351900
vt 0.797900 0.836300
vt 0.793600 0.827200
vt 0.796100 0.827200
vt 0.799100 0.835000
vt 0.799300 0.827200
vt 0.803000 0.830700
vt 0.805400 0.835200
vt 0.801000 0.832900
vt 0.802100 0.827200
vt 0.804900 0.838100
vt 0.847900 0.838700
vt 0.847900 0.835600
vt 0.805900 0.832200
vt 0.804100 0.829400
vt 0.847900 0.832600
vt 0.806200 0.830400
vt 0.847900 0.830700
vt 0.793600 0.809900
vt 0.800300 0.813100
vt 0.793600 0.813100
vt 0.800300 0.809900
vt 0.843600 0.813100
vt 0.843600 0.809900
vt 0.800600 0.807300
vt 0.794800 0.807300
vt 0.843600 0.807300
vt 0.854900 0.580300
vt 0.839800 0.575500
vt 0.839800 0.570800
vt 0.854900 0.566300
vt 0.836900 0.567100
vt 0.846200 0.554900
vt 0.832300 0.565600
vt 0.832200 0.550500
vt 0.827700 0.567000
vt 0.818300 0.554700
vt 0.824800 0.570700
vt 0.809700 0.565900
vt 0.824800 0.575400
vt 0.809700 0.579900
vt 0.827700 0.579100
vt 0.818400 0.591300
vt 0.832300 0.580600
vt 0.832300 0.595700
vt 0.836900 0.579200
vt 0.846300 0.591500
vt 0.853900 0.838700
vt 0.852900 0.838700
vt 0.852800 0.631600
vt 0.854400 0.631600
vt 0.848600 0.365600
vt 0.864400 0.372000
vt 0.864400 0.372100
vt 0.848600 0.365700
vt 0.842200 0.365800
vt 0.842200 0.365800
vt 0.832400 0.366500
vt 0.832400 0.366400
vt 0.825600 0.365700
vt 0.825600 0.365800
vt 0.810900 0.365700
vt 0.810900 0.365800
vt 0.797600 0.365800
vt 0.797600 0.365900
vt 0.780000 0.365200
vt 0.780000 0.365300
vt 0.770200 0.363500
vt 0.770200 0.363600
vt 0.757500 0.362300
vt 0.770200 0.363700
vt 0.757500 0.362400
vt 0.757500 0.362200
vt 0.770200 0.363500
vt 0.757500 0.362200
vt 0.743200 0.361800
vt 0.743200 0.361800
vt 0.851900 0.838700
vt 0.851200 0.838700
vt 0.850200 0.631600
vt 0.851200 0.631600
vt 0.852800 0.631600
vt 0.852900 0.838700
vt 0.854400 0.631600
vt 0.853900 0.838700
vt 0.855300 0.631600
vt 0.854500 0.838700
vt 0.843100 0.500000
vt 0.835000 0.510700
vt 0.833400 0.508700
vt 0.840400 0.499600
vt 0.843100 0.486900
vt 0.840400 0.488300
vt 0.835000 0.476300
vt 0.833400 0.479100
vt 0.821800 0.472300
vt 0.822100 0.475600
vt 0.808600 0.476500
vt 0.810800 0.479100
vt 0.800500 0.487200
vt 0.803800 0.488300
vt 0.800500 0.500300
vt 0.803800 0.499600
vt 0.808600 0.510900
vt 0.810800 0.508700
vt 0.821800 0.514900
vt 0.822100 0.512200
vt 0.873900 0.478300
vt 0.856100 0.478300
vt 0.856100 0.492800
vt 0.873900 0.492800
vt 0.803800 0.499600
vt 0.803800 0.488300
vt 0.809600 0.490100
vt 0.814400 0.483800
vt 0.810800 0.479100
vt 0.822100 0.481500
vt 0.822100 0.475600
vt 0.829800 0.483800
vt 0.833400 0.479100
vt 0.834600 0.490100
vt 0.840400 0.488300
vt 0.834600 0.497800
vt 0.840400 0.499600
vt 0.829800 0.504000
vt 0.833400 0.508700
vt 0.822100 0.506400
vt 0.822100 0.512200
vt 0.814400 0.504000
vt 0.810800 0.508700
vt 0.809600 0.497800
vt 0.793600 0.794900
vt 0.794900 0.791400
vt 0.798200 0.791400
vt 0.796100 0.793600
vt 0.799200 0.793600
vt 0.801400 0.791400
vt 0.800500 0.487200
vt 0.808600 0.476500
vt 0.810800 0.479100
vt 0.803800 0.488300
vt 0.800500 0.500300
vt 0.803800 0.499600
vt 0.808600 0.510900
vt 0.810800 0.508700
vt 0.821800 0.514900
vt 0.822100 0.512200
vt 0.835000 0.510700
vt 0.833400 0.508700
vt 0.843100 0.500000
vt 0.840400 0.499600
vt 0.843100 0.486900
vt 0.840400 0.488300
vt 0.835000 0.476300
vt 0.833400 0.479100
vt 0.821800 0.472300
vt 0.822100 0.475600
vt 0.873900 0.478300
vt 0.856100 0.478300
vt 0.856100 0.492800
vt 0.873900 0.492800
vt 0.799600 0.826800
vt 0.796400 0.826800
vt 0.800500 0.821100
vt 0.798500 0.819000
vt 0.793600 0.826800
vt 0.805300 0.821800
vt 0.805600 0.823600
vt 0.803600 0.824500
vt 0.802400 0.823200
vt 0.802100 0.826800
vt 0.804800 0.818800
vt 0.804300 0.815800
vt 0.797300 0.817600
vt 0.804000 0.814000
vt 0.847300 0.813400
vt 0.847300 0.815300
vt 0.847300 0.818400
vt 0.847300 0.821400
vt 0.847300 0.823300
vt 0.867400 0.838700
vt 0.866400 0.838700
vt 0.866200 0.631600
vt 0.867800 0.631600
vt 0.864800 0.631600
vt 0.863900 0.838700
vt 0.863400 0.838700
vt 0.863800 0.631600
vt 0.862400 0.838700
vt 0.862200 0.631600
vt 0.861300 0.838700
vt 0.860700 0.631600
vt 0.859500 0.631600
vt 0.858600 0.838700
vt 0.857700 0.838700
vt 0.858200 0.631600
vt 0.856700 0.838700
vt 0.856500 0.631600
vt 0.748600 0.897500
vt 0.723600 0.897500
vt 0.723600 0.886900
vt 0.748600 0.886900
vt 0.723600 0.874800
vt 0.748600 0.874700
vt 0.748600 0.794300
vt 0.750900 0.794100
vt 0.750900 0.804000
vt 0.723600 0.864700
vt 0.748600 0.864700
vt 0.723600 0.853900
vt 0.748600 0.853900
vt 0.723600 0.843900
vt 0.748600 0.844000
vt 0.723600 0.832600
vt 0.748500 0.832600
vt 0.723600 0.822100
vt 0.748500 0.822100
vt 0.723600 0.814100
vt 0.748500 0.814100
vt 0.723600 0.803900
vt 0.748500 0.804000
vt 0.723600 0.794300
vt 0.750800 0.814100
vt 0.750900 0.822100
vt 0.750900 0.832600
vt 0.750900 0.843900
vt 0.750900 0.853900
vt 0.750900 0.864700
vt 0.750900 0.874800
vt 0.750900 0.886900
vt 0.750900 0.897200
vt 0.855300 0.631600
vt 0.854500 0.838700
vt 0.853900 0.838700
vt 0.854400 0.631600
vt 0.852800 0.631600
vt 0.852900 0.838700
vt 0.851900 0.838700
vt 0.851200 0.631600
vt 0.851200 0.838700
vt 0.850200 0.631600
vt 0.867400 0.838700
vt 0.866400 0.838700
vt 0.866200 0.631600
vt 0.867800 0.631600
vn 0.0040 0.7341 0.6790
vn 0.6909 0.2768 0.6679
vn 0.0040 0.1992 0.9799
vn 0.6939 0.6161 0.3727
vn 0.0040 0.9935 0.1141
vn 0.6938 0.7178 -0.0588
vn 0.0040 0.8706 -0.4920
vn 0.6955 0.5382 -0.4760
vn 0.0040 0.4073 -0.9133
vn 0.6947 0.1532 -0.7028
vn 0.0040 -0.4110 0.9116
vn 0.6902 -0.5420 0.4794
vn 0.0040 -0.8691 0.4947
vn 0.6900 -0.1600 0.7059
vn 0.0040 0.1992 0.9800
vn 0.6909 0.2767 0.6679
vn 0.0039 -0.7412 -0.6712
vn 0.6930 -0.2856 -0.6620
vn 0.0040 -0.2084 -0.9780
vn 0.6925 -0.6228 -0.3641
vn 0.0041 -0.9944 -0.1054
vn 0.6900 -0.7208 0.0661
vn 0.0040 -0.8691 0.4946
vn 0.0040 -0.7412 -0.6712
vn 0.6925 -0.6227 -0.3642
vn 0.0039 -0.9944 -0.1054
vn 0.6899 -0.7208 0.0666
vn 0.6908 0.2767 0.6680
vn 0.6939 0.6159 0.3730
vn 0.6938 0.7178 -0.0587
vn 0.0040 0.4072 -0.9133
vn 0.6948 0.1532 -0.7027
vn 0.0040 0.9935 0.1142
vn 0.6938 0.7178 -0.0589
vn 0.0039 0.8706 -0.4920
vn 0.0039 -0.4110 0.9116
vn 0.6900 -0.1602 0.7059
vn 0.6925 -0.6227 -0.3643
vn 0.6900 -0.7208 0.0663
vn 0.0040 -0.7413 -0.6712
vn 0.6930 -0.2855 -0.6620
vn 0.0040 -0.2085 -0.9780
vn 0.0040 -0.9944 -0.1054
vn 0.6902 -0.5419 0.4795
vn 0.0040 -0.7378 0.6750
vn -0.6851 -0.2856 0.6701
vn 0.0040 -0.2067 0.9784
vn -0.6863 -0.6242 0.3732
vn 0.0039 -0.9936 0.1132
vn -0.6861 -0.7251 -0.0591
vn 0.0040 -0.8725 -0.4887
vn -0.6884 -0.5471 -0.4763
vn 0.0040 -0.4139 -0.9103
vn -0.6897 -0.1619 -0.7058
vn 0.6939 0.6160 0.3729
vn 0.6955 0.5380 -0.4762
vn 0.2871 0.2479 -0.9253
vn 0.4907 0.2163 -0.8441
vn -0.7071 -0.0040 -0.7071
vn -0.5559 -0.0040 -0.8313
vn 0.1374 0.4285 -0.8930
vn -0.8455 0.2087 -0.4914
vn -0.3813 0.8619 -0.3341
vn 0.4665 0.7951 -0.3876
vn 0.7497 0.4984 -0.4353
vn 0.8890 0.3955 -0.2306
vn 0.0040 0.4043 0.9146
vn -0.6890 0.5394 0.4841
vn 0.0040 0.8671 0.4980
vn -0.6867 0.1533 0.7106
vn 0.0040 -0.2068 0.9784
vn -0.6851 -0.2857 0.6701
vn 0.0040 0.7376 -0.6752
vn -0.6903 0.2798 -0.6672
vn 0.0040 0.2007 -0.9797
vn -0.6918 0.6213 -0.3679
vn 0.0041 0.9943 -0.1063
vn -0.6892 0.7214 0.0675
vn 0.0040 0.8672 0.4980
vn 0.6938 0.7178 -0.0590
vn 1.0000 -0.0040 0.0040
vn 0.8372 0.1211 0.5333
vn 0.4742 0.6378 0.6069
vn 0.5665 0.8162 0.1134
vn 0.8423 0.5286 -0.1059
vn 0.5760 0.6709 -0.4669
vn 0.5717 0.2873 -0.7685
vn 0.7156 -0.0976 -0.6916
vn 0.5907 -0.5048 -0.6295
vn 0.5602 -0.8110 -0.1687
vn 0.6059 -0.7851 0.1286
vn 0.5938 -0.4543 0.6641
vn 0.5595 -0.0818 0.8248
vn 0.0039 -0.7378 0.6751
vn -0.6863 -0.6242 0.3733
vn 0.0040 -0.9936 0.1132
vn -0.6861 -0.7251 -0.0593
vn 0.0040 -0.8725 -0.4886
vn -0.6883 -0.5467 -0.4768
vn 0.0040 -0.4140 -0.9103
vn 0.6900 -0.7208 0.0666
vn 0.0039 0.4043 0.9146
vn 0.0040 0.8671 0.4981
vn -0.6866 0.1530 0.7107
vn 0.6900 -0.1601 0.7059
vn 0.0041 -0.7412 -0.6712
vn 0.6939 0.6161 0.3728
vn -1.0000 -0.0040 0.0040
vn -0.7095 -0.7015 -0.0670
vn -0.5856 -0.6727 -0.4522
vn -0.5624 -0.2165 -0.7980
vn -0.7223 0.1147 -0.6820
vn -0.5720 0.5559 -0.6031
vn -0.4542 0.8731 -0.1772
vn -0.7132 0.6740 0.1929
vn -0.7282 0.4921 0.4771
vn -0.4521 0.2005 0.8691
vn -0.7084 -0.1368 0.6924
vn -0.5904 -0.6534 0.4738
vn -0.7105 -0.6944 0.1140
vn 0.6899 -0.7208 0.0667
vn 0.0040 0.7376 -0.6753
vn 0.0040 0.2007 -0.9796
vn 0.0039 0.9943 -0.1063
vn -0.6892 0.7214 0.0677
vn 0.0040 -0.4109 0.9117
vn -0.7947 -0.0040 0.6070
vn -0.4424 -0.0040 0.8968
vn -0.8455 0.2086 -0.4915
vn -0.8392 0.1930 0.5085
vn -0.3813 0.8619 -0.3342
vn -0.2318 0.8298 0.5077
vn 0.3583 0.8295 0.4284
vn 0.4664 0.7951 -0.3876
vn 0.7711 0.5277 0.3562
vn 0.7497 0.4984 -0.4354
vn 0.8890 0.3956 -0.2308
vn 0.8248 0.3720 0.4259
vn -0.6827 -0.1851 -0.7068
vn -0.3735 -0.6639 -0.6479
vn -0.6055 -0.5588 0.5667
vn -0.3791 -0.4029 0.8330
vn -0.9073 -0.4205 0.0040
vn -0.8580 -0.5135 0.0120
vn -0.8311 -0.5560 0.0121
vn -0.9844 -0.1760 0.0040
vn -0.9844 -0.1759 0.0040
vn -0.8253 0.5647 -0.0040
vn -0.8252 0.5648 -0.0040
vn -0.2800 0.9600 -0.0040
vn -0.0356 0.9994 -0.0040
vn 0.3877 0.9218 -0.0040
vn 0.5786 0.8156 -0.0040
vn 0.9406 0.3395 0.0040
vn 0.9406 0.3394 0.0039
vn 0.9746 -0.2237 0.0040
vn 0.9228 -0.3853 0.0040
vn 0.8396 -0.5431 0.0119
vn 0.8398 -0.5427 0.0119
vn 0.9045 -0.4264 0.0034
vn 0.9541 -0.2995 0.0040
vn -0.3790 -0.4031 0.8330
vn -0.6827 -0.1852 -0.7069
vn 0.7445 -0.2295 0.6270
vn 0.9646 -0.1134 0.2379
vn 0.9658 0.0507 0.2541
vn 0.7451 0.1751 0.6436
vn 0.9672 0.1835 0.1756
vn 0.7478 0.5212 0.4114
vn 0.9665 0.2542 0.0349
vn 0.7485 0.6626 0.0270
vn 0.9671 0.2234 -0.1216
vn 0.7490 0.5530 -0.3649
vn 0.9673 0.1058 -0.2305
vn 0.7489 0.2239 -0.6237
vn 0.9673 -0.0590 -0.2465
vn 0.7479 -0.1837 -0.6379
vn 0.9669 -0.1916 -0.1686
vn 0.7475 -0.5279 -0.4032
vn 0.9648 -0.2618 -0.0269
vn 0.7446 -0.6672 -0.0199
vn 0.9647 -0.2300 0.1284
vn 0.7435 -0.5569 0.3702
vn 0.5634 0.7443 -0.3586
vn 0.2090 0.9657 -0.1538
vn 0.2640 0.9645 -0.0040
vn 0.6706 0.7406 0.0430
vn 0.2167 0.9641 0.1535
vn 0.5209 0.7396 0.4262
vn 0.0904 0.9646 0.2479
vn 0.1761 0.7415 0.6474
vn -0.0752 0.9638 0.2558
vn -0.2395 0.7426 0.6254
vn -0.2011 0.9661 0.1619
vn -0.5564 0.7454 0.3672
vn -0.2564 0.9665 0.0120
vn -0.6664 0.7448 -0.0352
vn -0.2092 0.9669 -0.1459
vn -0.5167 0.7448 -0.4222
vn -0.0825 0.9671 -0.2405
vn -0.1703 0.7462 -0.6435
vn 0.0825 0.9652 -0.2481
vn 0.2483 0.7449 -0.6193
vn 0.0040 1.0000 0.0040
vn 0.2374 -0.9712 0.0199
vn 0.2397 -0.7974 -0.5538
vn 0.8980 -0.3844 -0.2139
vn 0.8970 -0.4391 0.0505
vn 0.2379 -0.7776 0.5821
vn 0.8979 -0.3225 0.2994
vn 0.2368 -0.2929 0.9263
vn 0.8974 -0.0893 0.4321
vn 0.2392 0.3095 0.9203
vn 0.8996 0.1745 0.4004
vn 0.2397 0.7908 0.5632
vn 0.8989 0.3772 0.2228
vn 0.2397 0.9708 -0.0121
vn 0.9008 0.4322 -0.0428
vn 0.2406 0.7784 -0.5799
vn 0.9022 0.3168 -0.2928
vn 0.2413 0.2876 -0.9269
vn 0.9020 0.0814 -0.4241
vn 0.2394 -0.3192 -0.9170
vn 0.9007 -0.1832 -0.3940
vn 0.6925 -0.6229 -0.3640
vn 0.6900 -0.7207 0.0665
vn 0.6903 -0.5419 0.4794
vn -0.7243 -0.6854 -0.0750
vn -0.7249 -0.5138 -0.4589
vn -0.7175 -0.6075 -0.3407
vn -0.7170 -0.6930 0.0749
vn -0.7243 -0.5995 0.3406
vn -0.7158 -0.5204 0.4656
vn -0.7230 -0.2852 0.6292
vn -0.7154 -0.1445 0.6836
vn -0.7235 0.1367 0.6766
vn -0.7176 0.2779 0.6386
vn -0.7251 0.5061 0.4670
vn -0.7189 0.6008 0.3495
vn -0.6247 0.7809 0.0040
vn -0.7214 0.6893 -0.0673
vn -0.8477 0.4293 -0.3117
vn -0.7215 0.5165 -0.4612
vn -0.7278 0.2790 -0.6264
vn -0.7202 0.1374 -0.6800
vn -0.7261 -0.1452 -0.6720
vn -0.7196 -0.2866 -0.6324
vn 0.2375 -0.2930 0.9261
vn 0.8979 -0.3226 0.2994
vn 0.8977 -0.0892 0.4316
vn 0.8996 0.1746 0.4004
vn 0.2395 0.7908 0.5633
vn 0.8989 0.3772 0.2230
vn 0.2395 0.9708 -0.0120
vn 0.9007 0.4324 -0.0428
vn 0.2405 0.7784 -0.5799
vn 0.9021 0.3169 -0.2928
vn 0.2404 0.2876 -0.9271
vn 0.9016 0.0815 -0.4248
vn 0.2399 -0.3190 -0.9169
vn 0.9009 -0.1829 -0.3936
vn 0.2392 -0.7975 -0.5540
vn 0.8978 -0.3848 -0.2141
vn 0.2376 -0.9712 0.0199
vn 0.8971 -0.4389 0.0505
vn 0.2406 0.2875 -0.9271
vn 0.9023 0.3165 -0.2927
vn 0.9017 0.0814 -0.4246
vn 0.2407 0.7783 -0.5799
vn 0.2394 0.9708 -0.0121
vn 0.8989 0.3772 0.2229
vn 0.2395 0.7908 0.5632
vn 0.8993 0.1747 0.4010
vn 0.2386 0.3094 0.9205
vn 0.8976 -0.0893 0.4317
vn 0.2373 -0.2930 0.9262
vn 0.8979 -0.3227 0.2995
vn 0.2377 -0.7776 0.5821
vn 0.8980 -0.3845 -0.2140
vn 0.2395 -0.7974 -0.5539
vn -0.2320 -0.7825 -0.5778
vn -0.2322 -0.2955 -0.9267
vn 0.8089 -0.2460 -0.5341
vn 0.8099 0.1137 -0.5754
vn -0.2340 0.3124 -0.9207
vn 0.7093 0.5214 -0.4744
vn -0.2334 0.7960 -0.5586
vn 0.5387 0.8376 -0.0903
vn -0.2318 0.9725 0.0201
vn 0.8061 0.5102 0.2998
vn -0.2320 0.7761 0.5864
vn 0.8062 0.2376 0.5418
vn -0.2315 0.2863 0.9298
vn 0.8050 -0.1279 0.5794
vn -0.2306 -0.3173 0.9199
vn 0.7041 -0.5250 0.4782
vn -0.2310 -0.7953 0.5604
vn 0.5348 -0.8394 0.0976
vn -0.2302 -0.9731 -0.0119
vn 0.8042 -0.5179 -0.2918
vn 0.6900 -0.7208 0.0665
vn 0.0039 -0.8691 0.4947
vn -0.7094 -0.1364 0.6915
vn -0.5907 -0.6533 0.4735
vn 0.5935 -0.4543 0.6643
vn 0.5585 -0.0817 0.8255
vn -0.4505 0.2007 0.8699
vn 0.8383 0.1210 0.5317
vn 0.4739 0.6378 0.6071
vn -0.7281 0.4921 0.4772
vn -0.8970 0.0820 0.4345
vn -0.6866 0.1532 0.7107
vn -0.6852 -0.2856 0.6701
vn -0.8965 -0.1837 0.4032
vn -0.6862 -0.6244 0.3732
vn -0.8947 -0.3868 0.2232
vn -0.6861 -0.7251 -0.0590
vn -0.8960 -0.4420 -0.0429
vn -0.6884 -0.5468 -0.4766
vn -0.8987 -0.3252 -0.2943
vn -0.6897 -0.1620 -0.7057
vn -0.8994 -0.0903 -0.4277
vn -0.6904 0.2797 -0.6672
vn -0.9006 0.1766 -0.3972
vn -0.6918 0.6213 -0.3681
vn -0.8991 0.3807 -0.2163
vn -0.6893 0.7213 0.0673
vn -0.8988 0.4354 0.0510
vn -0.6890 0.5394 0.4842
vn -0.8985 0.3183 0.3022
vn 0.4732 0.5739 0.6684
vn 0.8966 0.3245 0.3015
vn 0.6636 0.7186 -0.2081
vn -0.0120 0.7263 0.6872
vn 0.4138 0.7212 -0.5555
vn -0.4117 0.7246 0.5527
vn 0.0120 0.7150 -0.6990
vn -0.6601 0.7236 0.2016
vn -0.4772 0.5637 -0.6742
vn -0.8970 0.3205 -0.3044
vn 0.8979 -0.0892 0.4310
vn 0.6908 0.2768 0.6680
vn 0.8992 0.1747 0.4010
vn 0.8991 0.3771 0.2223
vn 0.9007 0.4324 -0.0427
vn 0.6955 0.5382 -0.4761
vn 0.9022 0.3167 -0.2928
vn 0.6948 0.1531 -0.7027
vn 0.9016 0.0815 -0.4249
vn 0.6929 -0.2856 -0.6620
vn 0.9008 -0.1830 -0.3938
vn 0.6926 -0.6226 -0.3642
vn 0.8980 -0.3845 -0.2141
vn 0.6900 -0.7207 0.0666
vn 0.8972 -0.4387 0.0505
vn 0.6902 -0.5421 0.4794
vn 0.8981 -0.3221 0.2994
vn 0.8979 -0.0892 0.4311
vn 0.6940 0.6159 0.3730
vn 0.6938 0.7177 -0.0589
vn 0.9016 0.0816 -0.4249
vn 0.8972 -0.4386 0.0505
vn 0.6938 0.7177 -0.0590
vn 0.6939 0.6159 0.3729
vn 0.6947 0.1531 -0.7028
vn 0.6900 -0.1599 0.7060
vn 0.6056 -0.7853 0.1284
vn 0.5934 -0.4548 0.6642
vn -0.5910 -0.6530 0.4737
vn -0.7106 -0.6943 0.1142
vn -0.7093 -0.7017 -0.0669
vn 0.5605 -0.8108 -0.1687
vn -0.5855 -0.6728 -0.4522
vn 0.5906 -0.5048 -0.6295
vn 0.0041 0.7341 0.6790
vn 0.6938 0.7178 -0.0586
vn 0.0041 0.8706 -0.4920
vn 0.6955 0.5381 -0.4761
vn -0.7135 0.6735 0.1929
vn -0.7282 0.4921 0.4770
vn 0.4740 0.6379 0.6070
vn 0.5659 0.8166 0.1136
vn -0.4542 0.8731 -0.1771
vn 0.8423 0.5286 -0.1058
vn 0.5762 0.6709 -0.4668
vn -0.5717 0.5561 -0.6032
vn -0.6983 0.5725 -0.4297
vn -0.9416 0.3266 0.0824
vn -0.5165 0.7215 0.4613
vn -0.2489 0.7306 -0.6359
vn -0.1531 0.7185 0.6785
vn 0.2788 0.6178 -0.7352
vn 0.2715 0.7113 0.6483
vn 0.4583 0.8417 -0.2856
vn 0.6976 0.5654 0.4402
vn 0.9440 0.3246 -0.0589
vn 0.9022 0.3167 -0.2927
vn 0.6926 -0.6226 -0.3643
vn 0.8981 -0.3222 0.2994
vn -0.1693 -0.0120 -0.9855
vn -0.2488 0.7305 -0.6360
vn 0.2789 0.6179 -0.7352
vn 0.3490 -0.0120 -0.9371
vn 0.8337 -0.0040 -0.5522
vn 0.4582 0.8417 -0.2857
vn 0.9440 0.3247 -0.0590
vn 0.9895 -0.0040 0.1446
vn 0.7151 0.0040 0.6991
vn 0.2717 0.7114 0.6482
vn 0.1746 0.0040 0.9846
vn -0.1527 0.7184 0.6786
vn -0.4360 0.0040 0.8999
vn -0.5165 0.7215 0.4612
vn -0.8805 -0.0040 0.4740
vn -0.9904 -0.0040 -0.1379
vn -0.6983 0.5725 -0.4296
vn -0.7150 -0.0121 -0.6990
vn -0.1695 -0.0120 -0.9855
vn 0.9116 -0.4110 0.0040
vn 0.6750 -0.7378 0.0040
vn 0.4946 -0.8691 0.0040
vn 0.9784 -0.2068 0.0041
vn 0.9800 0.1992 0.0040
vn 0.9146 0.4043 0.0040
vn 0.6790 0.7341 0.0040
vn 0.4980 0.8672 0.0040
vn 0.1142 0.9935 0.0039
vn -0.1062 0.9943 0.0040
vn -0.4920 0.8706 0.0040
vn -0.6752 0.7377 0.0040
vn -0.9133 0.4073 0.0040
vn -0.9796 0.2007 0.0040
vn -0.9780 -0.2083 0.0040
vn -0.9103 -0.4140 0.0041
vn -0.6713 -0.7412 0.0040
vn -0.4886 -0.8725 0.0040
vn -0.1054 -0.9944 0.0039
vn -0.6711 -0.7413 0.0040
vn 0.1133 -0.9936 0.0040
vn 0.6751 -0.7377 0.0040
vn -0.1054 -0.9944 0.0040
vn -0.6712 -0.7413 0.0040
vn 0.1133 -0.9935 0.0040
vn 0.6752 -0.7377 0.0040
vn 0.4945 -0.8691 0.0040
vn 0.9799 0.1992 0.0040
vn 0.9146 0.4043 0.0039
vn 0.4980 0.8672 0.0041
vn 0.1142 0.9935 0.0040
vn -0.4921 0.8706 0.0040
vn -0.9780 -0.2084 0.0040
vn -0.9103 -0.4140 0.0040
vn -0.6713 -0.7411 0.0040
vn 0.9784 -0.2068 0.0040
vn -0.1062 0.9943 0.0041
vn 0.1133 -0.9936 0.0039
vn 0.6750 -0.7379 0.0040
vn 0.6791 0.7341 0.0040
vn 0.4980 0.8671 0.0041
vn 0.1142 0.9934 0.0039
vn -0.1063 0.9943 0.0040
vn -0.4921 0.8705 0.0040
vn -0.6752 0.7376 0.0040
vn -0.9133 0.4073 0.0041
vn 0.4981 0.8671 0.0041
vn -0.9797 0.2007 0.0040
vn -0.1053 -0.9944 0.0040
vn 0.1132 -0.9936 0.0040
vn -0.2309 0.2865 0.9298
vn -0.2327 0.7758 0.5865
vn -0.8989 0.3172 0.3022
vn -0.8968 0.0823 0.4348
vn -0.2302 -0.3176 0.9199
vn -0.8964 -0.1840 0.4033
vn -0.2336 -0.7946 0.5603
vn -0.8963 -0.3847 0.2207
vn -0.2295 -0.9732 -0.0119
vn -0.8956 -0.4427 -0.0427
vn -0.2314 -0.7827 -0.5778
vn -0.8985 -0.3257 -0.2943
vn -0.2317 -0.2952 -0.9269
vn -0.8993 -0.0899 -0.4281
vn -0.2323 0.3126 -0.9210
vn -0.9004 0.1769 -0.3974
vn -0.2325 0.7961 -0.5587
vn -0.8987 0.3812 -0.2166
vn -0.2312 0.9727 0.0199
vn -0.8986 0.4359 0.0509
vn 0.7450 0.1750 0.6437
vn 0.9658 0.0508 0.2542
vn 0.9672 0.1837 0.1757
vn 0.7478 0.5211 0.4113
vn 0.9665 0.2543 0.0349
vn 0.7485 0.6625 0.0270
vn 0.9671 0.2235 -0.1217
vn 0.7489 0.5531 -0.3650
vn 0.9673 0.1058 -0.2307
vn 0.7489 0.2239 -0.6238
vn 0.9673 -0.0589 -0.2466
vn 0.7480 -0.1837 -0.6378
vn 0.9669 -0.1916 -0.1687
vn 0.7447 -0.6671 -0.0199
vn 0.7434 -0.5570 0.3703
vn 0.9646 -0.1135 0.2379
vn 0.7443 -0.2296 0.6271
vn 0.3946 0.0040 0.9188
vn -0.0120 0.7263 0.6873
vn -0.2235 0.0040 0.9747
vn 0.4733 0.5738 0.6684
vn 0.8546 0.0040 0.5193
vn 0.8965 0.3245 0.3015
vn 0.9966 -0.0040 -0.0818
vn 0.6636 0.7186 -0.2082
vn 0.7601 -0.0120 -0.6497
vn 0.2320 -0.0120 -0.9727
vn 0.0124 0.7151 -0.6989
vn -0.3908 -0.0121 -0.9204
vn -0.8559 -0.0121 -0.5169
vn -0.9959 -0.0040 0.0903
vn -0.7528 0.0040 0.6582
vn -0.4117 0.7246 0.5526
vn -0.2237 0.0040 0.9747
vn -0.0122 0.7263 0.6873
vn -0.4069 0.8178 -0.4069
vn 0.6708 0.6628 -0.3328
vn -0.4070 0.4070 -0.8178
vn 0.5614 0.8275 0.0040
vn -0.1920 0.9608 0.2000
vn 0.8014 0.5981 0.0040
vn -0.6646 0.6645 0.3417
vn 0.4109 0.4030 0.8178
vn 0.4123 0.8125 0.4122
vn -0.5558 0.8313 0.0040
vn 0.2000 0.9608 -0.1920
vn -0.7985 0.6019 0.0040
vn 0.6708 0.6627 -0.3329
vn -0.4070 0.4069 -0.8178
vn 0.4945 -0.8692 0.0040
vn 0.9146 0.4042 0.0040
vn 0.4981 0.8671 0.0040
vn 0.1141 0.9935 0.0040
vn -0.9780 -0.2084 0.0041
vn -0.4887 -0.8724 0.0040
vn -0.0040 0.9780 0.2084
vn -0.1302 0.9437 -0.3042
vn -0.0041 0.9525 -0.3044
vn -0.2015 0.9284 0.3121
vn -0.6905 0.6822 -0.2406
vn -0.6023 0.7049 0.3746
vn -0.6189 0.2252 -0.7525
vn 0.0121 0.2639 -0.9645
vn 0.0121 0.7601 -0.6496
vn -0.7230 0.6122 -0.3202
vn 0.0040 0.9987 -0.0513
vn -0.7241 0.6837 0.0907
vn -0.0040 0.8616 0.5076
vn -0.7214 0.5165 0.4613
vn -0.6142 -0.2304 0.7548
vn 0.0119 -0.2695 0.9629
vn 0.0119 -0.7594 0.6505
vn -0.7178 -0.6159 0.3248
vn 0.0040 -0.9977 0.0671
vn -0.7206 -0.6884 -0.0825
vn -0.0040 -0.8671 -0.4981
vn -0.7211 -0.5243 -0.4530
vn 0.0039 -0.3420 -0.9397
vn -0.8450 -0.1695 -0.5073
vn -0.7230 -0.2852 0.6293
vn -0.7229 -0.1445 0.6757
vn -0.7222 -0.5120 0.4651
vn -0.7242 -0.5995 0.3407
vn -0.7243 -0.6854 0.0750
vn -0.7242 -0.5995 -0.3407
vn -0.7248 -0.5139 -0.4589
vn -0.7263 -0.2865 -0.6249
vn -0.7262 -0.1452 -0.6719
vn -0.7272 0.1373 -0.6726
vn -0.7280 0.2790 -0.6263
vn -0.7279 0.2790 -0.6264
vn -0.7270 0.1373 -0.6728
vn -0.6269 0.6339 -0.4530
vn -0.8477 0.4293 -0.3116
vn -0.8470 0.5315 0.0040
vn -0.7258 0.5926 0.3493
vn -0.7250 0.5061 0.4671
vn -0.7245 0.2779 0.6308
vn -0.7236 0.1367 0.6766
vn -0.7227 -0.1446 0.6758
vn -0.7231 -0.2852 0.6292
vn -0.5613 -0.2169 -0.7987
vn 0.5907 -0.5049 -0.6295
vn -0.5855 -0.6728 -0.4523
vn 0.7166 -0.0978 -0.6906
vn -0.7259 0.1150 -0.6781
vn 0.5675 0.2871 -0.7717
vn -0.5720 0.5559 -0.6032
vn 0.5763 0.6708 -0.4668
vn -0.8969 0.0821 0.4345
vn -0.6852 -0.2855 0.6701
vn -0.6862 -0.6244 0.3731
vn -0.8947 -0.3869 0.2232
vn -0.8987 -0.3252 -0.2942
vn -0.6904 0.2796 -0.6672
vn -0.6918 0.6212 -0.3681
vn -0.8990 0.3807 -0.2163
vn -0.8988 0.4354 0.0511
vn -0.8985 0.3184 0.3022
vn -0.8970 0.0820 0.4344
vn -0.6863 -0.6243 0.3732
vn -0.8948 -0.3868 0.2232
vn -0.6885 -0.5467 -0.4766
vn -0.8988 -0.3251 -0.2942
vn -0.6903 0.2797 -0.6672
vn -0.9006 0.1765 -0.3972
vn 0.2382 0.3094 0.9206
vn 0.2399 0.7908 0.5631
vn -0.7028 0.5227 0.4826
vn -0.8031 0.1219 0.5833
vn 0.2384 -0.2930 0.9259
vn -0.8022 -0.2465 0.5438
vn 0.2380 -0.7775 0.5821
vn -0.7999 -0.5194 0.3005
vn 0.2378 -0.9711 0.0199
vn -0.5294 -0.8436 -0.0901
vn 0.2394 -0.7974 -0.5539
vn -0.7026 -0.5294 -0.4754
vn -0.8068 -0.1224 -0.5780
vn -0.8073 0.2400 -0.5392
vn -0.8051 0.5148 -0.2945
vn -0.5326 0.8406 0.0986
vn 0.2398 -0.3190 -0.9169
vn 0.2402 0.2876 -0.9272
vn 0.2407 0.7783 -0.5800
vn -0.6247 0.7808 0.0040
vn -0.7251 0.5061 0.4671
vn -0.7190 0.6008 0.3495
vn -0.7214 0.6892 -0.0673
vn -0.7278 0.2791 -0.6264
vn -0.7243 -0.6854 -0.0749
vn -0.7170 -0.6931 0.0749
vn -0.7243 -0.5994 0.3407
vn 0.2693 -0.9630 -0.0040
vn 0.7204 -0.6895 0.0746
vn 0.7208 -0.6045 -0.3391
vn 0.2704 -0.7778 -0.5674
vn 0.7230 -0.2850 -0.6293
vn 0.2719 -0.2947 -0.9161
vn 0.7235 0.1365 -0.6767
vn 0.2728 0.3042 -0.9127
vn 0.7248 0.5140 -0.4588
vn 0.2725 0.7849 -0.5565
vn 0.7248 0.6857 -0.0672
vn 0.2713 0.9624 0.0120
vn 0.7223 0.5978 0.3476
vn 0.2708 0.7719 0.5752
vn 0.7209 0.2765 0.6355
vn 0.2701 0.2852 0.9196
vn 0.7188 -0.1439 0.6801
vn 0.2704 -0.3092 0.9117
vn 0.7192 -0.5178 0.4632
vn 0.2699 -0.7844 0.5584
vn 0.7204 -0.6895 0.0745
vn 0.7439 -0.5566 0.3699
vn 0.7446 -0.6673 -0.0198
vn 0.7445 -0.2295 0.6269
vn 0.7449 0.1751 0.6438
vn 0.7480 0.5210 0.4112
vn 0.7484 0.6627 0.0269
vn 0.7486 0.5532 -0.3655
vn 0.7483 0.2241 -0.6244
vn 0.7482 -0.1836 -0.6376
vn 0.7479 -0.5277 -0.4028
vn -0.2339 0.3125 -0.9207
vn 0.8100 0.1137 -0.5754
vn 0.7092 0.5214 -0.4745
vn -0.2319 0.9725 0.0201
vn 0.8056 0.5107 0.3004
vn -0.2329 0.7760 0.5861
vn 0.8064 0.2375 0.5415
vn -0.2317 0.2862 0.9297
vn 0.8053 -0.1279 0.5789
vn -0.2305 -0.3172 0.9199
vn 0.7040 -0.5249 0.4783
vn -0.2310 -0.7953 0.5605
vn 0.5345 -0.8395 0.0975
vn -0.2305 -0.9730 -0.0120
vn 0.8049 -0.5170 -0.2912
vn -0.2312 -0.7827 -0.5779
vn 0.8089 -0.2459 -0.5341
vn 0.2403 0.2876 -0.9271
vn 0.2402 -0.3191 -0.9168
vn -0.8067 -0.1224 -0.5782
vn -0.7027 -0.5294 -0.4754
vn 0.2393 -0.7974 -0.5540
vn -0.5293 -0.8436 -0.0900
vn -0.8000 -0.5194 0.3005
vn 0.2381 -0.7775 0.5821
vn -0.8020 -0.2466 0.5441
vn 0.2385 -0.2930 0.9259
vn -0.8032 0.1219 0.5831
vn 0.2382 0.3095 0.9206
vn 0.2402 0.7908 0.5630
vn -0.5326 0.8406 0.0987
vn -0.8074 0.2400 -0.5389
vn 0.0039 0.9935 0.1142
vn 0.2376 -0.2930 0.9261
vn 0.2379 -0.7776 0.5820
vn 0.8980 -0.3226 0.2994
vn 0.8976 -0.0893 0.4316
vn 0.2385 0.3094 0.9205
vn 0.8992 0.1747 0.4011
vn 0.2394 0.7908 0.5633
vn 0.8988 0.3773 0.2230
vn 0.2392 0.9709 -0.0121
vn 0.9006 0.4325 -0.0428
vn 0.2408 0.7783 -0.5799
vn 0.2407 -0.3188 -0.9167
vn 0.9012 -0.1826 -0.3931
vn 0.2388 -0.7975 -0.5540
vn 0.8977 -0.3850 -0.2142
vn 0.2377 -0.9711 0.0199
vn 0.2397 -0.3190 -0.9169
vn -0.8068 -0.1224 -0.5779
vn 0.2392 -0.7974 -0.5540
vn 0.2382 -0.7775 0.5821
vn 0.2383 -0.2930 0.9259
vn -0.8031 0.1218 0.5833
vn 0.2384 0.3095 0.9205
vn 0.2405 0.7783 -0.5800
vn -0.8074 0.2400 -0.5390
vn 0.1906 0.0894 0.9776
vn 0.2995 -0.0198 0.9539
vn -0.7013 -0.0670 0.7097
vn -0.8671 0.0269 0.4974
vn -0.6152 0.0983 0.7822
vn 0.3019 0.0818 0.9498
vn 0.1834 -0.0040 0.9830
vn -0.7503 0.0822 0.6560
vn 0.1912 0.0666 0.9793
vn -0.7731 0.2943 0.5619
vn 0.1988 0.1362 0.9705
vn -0.6614 0.1609 0.7325
vn -0.8612 -0.0120 0.5082
vn 0.0042 0.0200 0.9998
vn 0.8688 0.0199 0.4948
vn 0.9381 -0.0665 0.3400
vn 0.9133 -0.2141 0.3466
vn 0.9367 -0.0892 0.3387
vn 0.9428 0.0200 0.3327
vn 0.9745 0.0200 0.2234
vn 0.9420 0.0429 0.3329
vn 0.9119 0.0040 0.4104
vn 0.0818 -0.0587 0.9949
vn -0.6710 -0.0350 0.7406
vn -0.6751 0.0119 0.7376
vn 0.9938 -0.0667 -0.0891
vn -0.8267 0.0756 -0.5576
vn 0.4548 -0.0584 0.8887
vn 0.1600 -0.0348 0.9865
vn 0.9333 -0.0508 0.3556
vn -0.2157 -0.0120 0.9764
vn -0.9903 0.0659 0.1222
vn 0.3320 -0.0269 0.9429
vn -0.6497 0.0259 0.7597
vn 0.9333 -0.0508 0.3555
vn 0.7632 0.0350 -0.6452
vn 0.5747 -0.0120 -0.8183
vn 0.9116 0.0041 0.4111
vn 0.7627 0.0508 -0.6448
vn 0.9422 0.0428 0.3322
vn 0.7621 -0.0588 -0.6448
vn 0.9745 0.0200 0.2235
vn 0.7611 -0.0815 -0.6435
vn 0.9429 0.0200 0.3325
vn 0.8278 -0.0903 -0.5538
vn 0.9369 -0.0894 0.3379
vn 0.7406 -0.2312 -0.6309
vn 0.9136 -0.2143 0.3457
vn 0.6827 -0.2381 -0.6909
vn 0.9386 -0.0668 0.3385
vn 0.8671 0.0040 -0.4982
vn 0.8690 0.0198 0.4944
vn -0.9806 0.1215 -0.1537
vn -0.6620 0.1607 0.7320
vn -0.7737 0.2940 0.5613
vn -0.8615 -0.0121 0.5077
vn -0.8702 -0.0271 -0.4920
vn -0.8669 0.0270 0.4978
vn -0.7016 -0.0669 0.7095
vn -0.9438 -0.0433 -0.3278
vn -0.9685 -0.0040 -0.2489
vn -0.6707 -0.0349 0.7409
vn -0.6752 0.0119 0.7376
vn -0.8271 0.0755 -0.5569
vn -0.2962 0.0431 -0.9542
vn -0.1851 0.0272 -0.9823
vn -0.1844 0.0201 -0.9826
vn -0.8631 -0.0673 -0.5006
vn -0.9893 0.0040 -0.1460
vn -0.6170 0.0981 0.7809
vn -0.7500 0.0822 0.6563
vn -0.9095 0.0905 -0.4058
vn -0.8846 0.1451 -0.4433
vn -0.3736 -0.0752 -0.9246
vn -0.0034 -0.0272 -0.9996
vn -0.0668 -0.0822 -0.9944
vn -0.2641 -0.1146 -0.9577
vn 0.0129 -0.0353 -0.9993
vn -0.1948 -0.1147 -0.9741
vn 0.7229 -0.2853 0.6293
vn -0.7155 -0.1444 0.6835
vn -0.7159 -0.5203 0.4656
vn 0.7221 -0.5980 0.3478
vn 0.7205 -0.6895 -0.0746
vn -0.7175 -0.6076 -0.3407
vn 0.7247 -0.5140 -0.4589
vn -0.7196 -0.2867 -0.6324
vn 0.7261 -0.1452 -0.6721
vn 0.7278 0.2791 -0.6264
vn -0.7215 0.5164 -0.4612
vn 0.7279 0.5941 -0.3423
vn 0.7235 0.1367 -0.6766
vn 0.7249 0.5137 -0.4589
vn 0.7188 -0.1438 0.6802
vn 0.7191 -0.5179 0.4632
vn 0.7205 -0.6895 0.0745
vn 0.7207 -0.6047 -0.3390
vn 0.7230 -0.2851 -0.6293
vn 0.7230 -0.2852 0.6292
vn 0.7236 0.1367 0.6766
vn 0.7223 0.5978 0.3477
vn 0.7251 0.5061 0.4670
vn 0.7246 0.6859 -0.0669
vn 0.7239 0.6850 0.0819
vn 0.7248 0.5139 -0.4589
vn 0.7278 0.5943 -0.3423
vn -0.7155 -0.1445 0.6836
vn -0.7176 0.2778 0.6387
vn 0.2382 -0.7775 0.5820
vn 0.8981 -0.3222 0.2993
vn 0.2394 0.7909 0.5633
vn 0.8988 0.3774 0.2230
vn 0.9006 0.4326 -0.0428
vn 0.2397 0.2877 -0.9272
vn 0.9013 0.0819 -0.4254
vn 0.8979 -0.3848 -0.2141
vn 0.8971 -0.4388 0.0506
vn -0.5293 -0.8436 -0.0901
vn -0.8000 -0.5193 0.3005
vn -0.8021 -0.2465 0.5439
vn -0.8030 0.1218 0.5834
vn 0.2386 0.3095 0.9205
vn -0.7029 0.5225 0.4825
vn 0.2397 0.7909 0.5631
vn -0.5324 0.8407 0.0987
vn 0.2396 0.9708 -0.0120
vn -0.8051 0.5149 -0.2945
vn 0.2406 0.7783 -0.5799
vn 0.2384 -0.7775 0.5820
vn 0.2387 0.3095 0.9204
vn 0.2399 0.7908 0.5630
vn 0.7712 0.5277 0.3561
vn 0.4341 0.1916 0.8802
vn 0.8247 0.3720 0.4259
vn 0.2614 0.2226 0.9392
vn 0.1284 0.3943 0.9100
vn -0.8392 0.1929 0.5085
vn 0.3581 0.8296 0.4283
vn 0.2378 -0.7776 0.5821
vn 0.8993 0.1746 0.4010
vn 0.2392 0.7909 0.5633
vn 0.8988 0.3774 0.2232
vn 0.2392 0.9709 -0.0120
vn 0.9005 0.4326 -0.0427
vn 0.2405 0.7783 -0.5799
vn 0.2405 0.2875 -0.9271
vn 0.2400 -0.3188 -0.9169
vn 0.9009 -0.1827 -0.3937
vn 0.2396 -0.7974 -0.5539
vn 0.2375 -0.9712 0.0199
vn 0.8971 -0.4390 0.0505
vn 0.9784 -0.2069 0.0040
vn 0.6791 0.7340 0.0040
vn 0.1142 0.9934 0.0040
vn -0.9796 0.2007 0.0039
vn -0.9103 -0.4139 0.0039
vn 0.2368 -0.2930 0.9263
vn 0.2384 0.3097 0.9205
vn 0.8993 0.1749 0.4009
vn 0.2393 0.7909 0.5633
vn 0.8989 0.3773 0.2229
vn 0.2393 0.9709 -0.0120
vn 0.2404 0.7784 -0.5799
vn 0.2398 0.2877 -0.9272
vn 0.2407 -0.3189 -0.9167
vn 0.9012 -0.1826 -0.3930
vn 0.2403 -0.3190 -0.9168
vn 0.2382 -0.7774 0.5821
vn -0.8019 -0.2466 0.5442
vn -0.7028 0.5226 0.4826
vn 0.2394 0.9708 -0.0120
vn -0.8051 0.5149 -0.2944
vn -0.6751 0.7377 0.0040
vn -0.6712 -0.7412 0.0040
vn 0.1133 -0.9935 0.0041
vn 0.2378 -0.7776 0.5820
vn 0.8979 -0.3227 0.2994
vn 0.2393 0.7909 0.5632
vn 0.9007 0.4322 -0.0429
vn 0.2409 0.7783 -0.5799
vn 0.9023 0.3164 -0.2927
vn 0.2404 0.2875 -0.9271
vn 0.2382 -0.2930 0.9260
vn -0.8032 0.1218 0.5831
vn -0.5327 0.8405 0.0987
vn -0.8053 0.5146 -0.2943
vn 0.2406 0.7783 -0.5800
vn -0.8075 0.2400 -0.5389
vn -0.7269 0.1374 -0.6728
vn -0.6271 0.6337 -0.4530
vn -0.8478 0.4292 -0.3116
vn -0.8471 0.5314 0.0040
vn -0.7254 0.5929 0.3497
vn -0.7250 0.5061 0.4672
vn -0.7245 0.2779 0.6307
vn -0.7236 0.1367 0.6765
vn -0.7230 -0.1445 0.6755
vn -0.7232 -0.2852 0.6289
vn 0.2394 -0.7974 -0.5540
vn 0.2386 -0.2930 0.9259
vn -0.8030 0.1219 0.5834
vn -0.7029 0.5226 0.4826
vn 0.6749 -0.7379 0.0040
vn 0.4980 0.8671 0.0040
vn 0.1133 -0.9936 0.0041
vn 0.2394 0.7908 0.5632
vn -0.8069 -0.1224 -0.5779
vn 0.2381 0.3095 0.9206
vn 0.2400 0.7908 0.5631
vn -0.8053 0.5147 -0.2944
vn 0.0041 -0.2545 -0.9671
vn 0.0201 0.3810 -0.9244
vn -0.7215 0.1226 -0.6814
vn -0.7281 -0.2952 -0.6187
vn -0.8312 -0.5559 0.0121
vn -0.8581 -0.5133 0.0120
vn -0.9844 -0.1761 0.0040
vn -0.8252 0.5648 -0.0041
vn -0.2801 0.9600 -0.0040
vn -0.0353 0.9994 -0.0040
vn 0.3879 0.9217 -0.0040
vn 0.9406 0.3394 0.0040
vn 0.9746 -0.2238 0.0040
vn 0.9228 -0.3852 0.0040
vn 0.8397 -0.5430 0.0119
vn 0.8399 -0.5427 0.0120
vn 0.9046 -0.4263 0.0033
vn 0.9541 -0.2996 0.0040
vn -0.6909 -0.1852 -0.6989
vn -0.6908 -0.1854 -0.6989
vn -0.3795 -0.6621 -0.6462
vn -0.6055 -0.5587 0.5667
vn -0.3791 -0.4030 0.8330
vn -0.9072 -0.4207 0.0040
vn -0.8580 -0.5134 0.0120
vn -0.2258 0.7237 -0.6521
vn -0.0749 -0.7244 -0.6853
vn -0.4671 -0.7251 -0.5060
vn -0.5647 0.7227 -0.3985
vn -0.6774 -0.7243 -0.1289
vn -0.6907 0.7230 0.0121
vn -0.6278 -0.7214 0.2924
vn -0.5480 0.7220 0.4223
vn -0.3320 -0.7227 0.6062
vn -0.2005 0.7198 0.6646
vn 0.0814 -0.7200 0.6892
vn 0.2312 0.7188 0.6557
vn 0.4714 -0.7195 0.5101
vn 0.5683 0.7170 0.4036
vn 0.0818 0.7165 0.6927
vn 0.4737 0.7161 0.5127
vn -0.0753 0.7211 -0.6888
vn -0.4695 0.7218 -0.5086
vn -0.6808 0.7210 -0.1295
vn -0.6267 0.7211 0.2953
vn -0.3336 0.7195 0.6092
vn -0.2258 0.7236 -0.6522
vn -0.0753 0.7209 -0.6889
vn 0.3424 0.7210 -0.6024
vn 0.2093 0.7224 -0.6590
vn 0.6325 0.7196 -0.2866
vn 0.5555 0.7212 -0.4138
vn 0.6843 0.7163 0.1367
vn 0.6949 0.7191 -0.0040
vn 0.4737 0.7162 0.5125
vn 0.5683 0.7171 0.4035
vn 0.6809 -0.7196 0.1360
vn 0.4714 -0.7194 0.5101
vn 0.3407 -0.7243 -0.5994
vn 0.6341 -0.7193 -0.2838
vn 0.0200 0.3809 -0.9244
vn -0.6127 0.6520 -0.4466
vn 0.0271 0.8371 -0.5464
vn 0.0201 0.9985 -0.0512
vn -0.7201 0.6880 0.0902
vn 0.0120 0.8614 0.5077
vn -0.7214 0.5165 0.4612
vn -0.7215 0.5165 0.4612
vn 0.0121 0.8616 0.5075
vn 0.0040 0.4425 0.8968
vn -0.7176 0.1609 0.6776
vn 0.0120 -0.1761 0.9843
vn -0.7160 -0.2852 0.6372
vn -0.7229 -0.2853 0.6293
vn -0.7225 -0.1448 0.6760
vn -0.7221 -0.5120 0.4652
vn -0.7244 -0.6853 0.0750
vn -0.7243 -0.6854 -0.0748
vn -0.7241 -0.5996 -0.3408
vn -0.7247 -0.5139 -0.4589
vn -0.7260 -0.2864 -0.6252
vn -0.7261 -0.1452 -0.6721
vn -0.7268 0.1373 -0.6730
vn -0.7278 0.2791 -0.6265
vn 0.2693 -0.9630 -0.0039
vn 0.7433 -0.5570 0.3705
vn 0.2696 -0.7845 0.5585
vn 0.7204 -0.6896 0.0745
vn 0.7192 -0.5178 0.4633
vn 0.2701 -0.3092 0.9118
vn 0.2694 -0.9630 -0.0040
vn 0.7204 -0.6896 0.0744
vn 0.7208 -0.6045 -0.3390
vn 0.7188 -0.1436 0.6802
vn 0.2705 0.2853 0.9195
vn 0.7210 0.2766 0.6353
vn 0.2707 0.7720 0.5752
vn 0.2714 0.9624 0.0120
vn 0.7247 0.6858 -0.0673
vn 0.2728 0.7848 -0.5564
vn 0.7249 0.5138 -0.4589
vn 0.2727 0.3042 -0.9127
vn 0.7235 0.1364 -0.6767
vn 0.2717 -0.2947 -0.9161
vn 0.7230 -0.2853 -0.6292
vn 0.2702 -0.7778 -0.5674
vn 0.7447 -0.6671 -0.0198
vn 0.7440 -0.2297 0.6275
vn 0.7451 0.1751 0.6435
vn 0.7479 0.5211 0.4112
vn 0.7485 0.6625 0.0269
vn 0.7492 0.5528 -0.3650
vn 0.7483 0.2240 -0.6244
vn 0.0040 0.9943 -0.1062
vn -0.6892 0.7214 0.0676
vn 0.0041 0.8671 0.4981
vn 0.6157 -0.7245 -0.3099
vn 0.3407 -0.7243 -0.5995
vn 0.6270 -0.7284 -0.2762
vn 0.5330 -0.8446 0.0506
vn 0.6877 -0.7184 0.1050
vn 0.5858 -0.6245 0.5166
vn 0.4634 -0.6191 0.6340
vn 0.0814 -0.7277 0.6811
vn 0.0427 -0.8449 0.5332
vn -0.3317 -0.7300 0.5975
vn -0.3167 -0.7301 0.6055
vn -0.6199 -0.7283 0.2921
vn -0.1598 -0.9151 0.3702
vn -0.6697 -0.7314 -0.1287
vn 0.3477 -0.9106 -0.2232
vn -0.4599 -0.7345 -0.4990
vn -0.4911 -0.7195 -0.4910
vn -0.0749 -0.7320 -0.6771
vn 0.3403 -0.7316 -0.5908
vn -0.2232 -0.7308 -0.6451
vn -0.0749 -0.7321 -0.6771
vn -0.5603 -0.7320 -0.3875
vn -0.6696 -0.7315 -0.1287
vn -0.6831 -0.7300 0.0199
vn -0.6199 -0.7283 0.2922
vn -0.5421 -0.7291 0.4178
vn -0.3320 -0.7301 0.5972
vn -0.1983 -0.7269 0.6575
vn 0.2225 -0.7271 0.6495
vn 0.2221 -0.7271 0.6497
vn 0.0815 -0.7277 0.6810
vn 0.4010 -0.8448 0.3544
vn 0.7753 -0.6272 0.0746
vn 0.5330 -0.8446 0.0507
vn 0.6270 -0.7284 -0.2763
vn 0.5495 -0.7283 -0.4094
vn 0.3403 -0.7315 -0.5908
vn 0.2070 -0.7295 -0.6519
vn -0.0750 -0.7321 -0.6771
vn -0.2236 -0.7308 -0.6449
vn -0.7246 0.2779 0.6306
vn -0.8427 0.1609 0.5138
vn -0.7227 -0.1446 0.6759
vn -0.7177 -0.6159 0.3249
vn -0.7207 -0.6884 -0.0823
vn -0.7244 -0.6853 0.0749
vn -0.7211 -0.5242 -0.4529
vn -0.7243 -0.5994 -0.3407
vn -0.8450 -0.1694 -0.5072
vn -0.7262 -0.2865 -0.6250
vn -0.7229 0.6123 -0.3202
vn -0.6269 0.6338 -0.4531
vn -0.7241 0.6837 0.0908
vn -0.8471 0.5315 0.0040
vn -0.7258 0.5926 0.3494
vn -0.6890 0.5393 0.4841
vn 0.6340 -0.7194 -0.2838
vn 0.6809 -0.7197 0.1360
vn 0.4011 -0.8447 0.3544
vn 0.2222 -0.7270 0.6497
vn -0.5421 -0.7291 0.4177
vn -0.6278 -0.7213 0.2925
vn -0.6832 -0.7300 0.0199
vn -0.6773 -0.7243 -0.1289
vn -0.5603 -0.7321 -0.3875
vn -0.2233 -0.7308 -0.6450
vn 0.0040 -0.7377 0.6751
vn -0.6861 -0.7251 -0.0592
vn -0.6884 -0.5469 -0.4766
vn -0.6897 -0.1620 -0.7058
vn 0.4520 -0.0040 -0.8920
vn -0.4068 0.4069 -0.8179
vn 0.6707 0.6628 -0.3329
vn -0.8952 -0.0000 -0.4456
vn -0.7071 -0.0000 -0.7071
vn 0.7111 -0.0040 -0.7030
vn 0.2001 0.9608 -0.1917
vn 0.6708 0.6627 -0.3328
vn 0.4520 -0.0000 -0.8920
vn -0.4069 0.4069 -0.8179
vn -0.8952 -0.0041 -0.4456
vn 0.2381 0.3094 0.9206
vn 0.2382 -0.2930 0.9259
vn -0.7026 -0.5295 -0.4754
vn -0.8068 -0.1225 -0.5780
vn -0.8052 0.5148 -0.2944
vn 0.2412 0.7782 -0.5799
vn 0.9024 0.3165 -0.2925
vn 0.8988 0.3777 0.2224
vn 0.2392 0.7910 0.5631
vn 0.2385 0.3097 0.9204
vn 0.8977 -0.0893 0.4316
vn 0.2383 -0.7775 0.5821
vn 0.8980 -0.3844 -0.2142
vn 0.2395 -0.7973 -0.5540
vn 0.9006 -0.1830 -0.3942
vn 0.2393 -0.3190 -0.9170
vn 0.9016 0.0818 -0.4248
vn 0.2406 0.2877 -0.9270
vn 0.4520 -0.0041 -0.8920
vn 0.6708 0.6628 -0.3329
vn 0.8936 -0.0040 0.4488
vn 0.4109 0.4029 0.8178
vn -0.6645 0.6646 0.3417
vn -0.5559 0.8313 0.0040
vn -0.8952 -0.0040 -0.4456
vn -0.4069 0.4070 -0.8178
vn 0.6707 -0.1843 -0.7184
vn 0.6503 -0.6501 -0.3931
vn 0.3734 -0.3723 -0.8497
vn 0.9431 -0.2462 -0.2236
vn 0.6591 -0.6896 0.3001
vn 0.9141 -0.1980 0.3539
vn 0.7230 -0.2853 0.6293
vn -0.7153 -0.1446 0.6837
vn 0.7222 -0.5979 0.3477
vn 0.7203 -0.6897 -0.0745
vn 0.7248 -0.5139 -0.4588
vn -0.7197 -0.2867 -0.6324
vn 0.7261 -0.1452 -0.6720
vn -0.7201 0.1374 -0.6801
vn 0.7277 0.5943 -0.3423
vn 0.7192 -0.5179 0.4633
vn 0.7203 -0.6896 0.0745
vn 0.7209 -0.6045 -0.3391
vn 0.7230 -0.2852 -0.6292
vn 0.7188 -0.1437 0.6801
vn 0.7210 0.2764 0.6354
vn 0.7235 0.1367 0.6766
vn 0.7247 0.6858 -0.0670
vn 0.7239 0.6851 0.0819
vn 0.7247 0.5140 -0.4589
vn -0.7153 -0.1445 0.6837
vn -0.7174 0.2780 0.6388
vn -0.7188 0.6009 0.3496
vn 0.0039 0.3324 0.9431
vn 0.0119 -0.2693 0.9630
vn -0.6142 -0.2303 0.7548
vn -0.8427 0.1610 0.5138
vn -0.7215 0.5166 0.4611
vn -0.0041 0.8616 0.5076
vn -0.4424 0.0000 0.8968
vn 0.8936 -0.0039 0.4488
vn -0.6645 0.6645 0.3419
vn -0.7031 -0.0041 0.7111
vn -0.1921 0.9608 0.1999
vn 0.4123 0.8124 0.4123
vn 0.7071 0.0000 0.7071
vn 0.8936 0.0000 0.4488
vn -0.6646 0.6645 0.3418
vn -0.3970 0.0431 -0.9168
vn -0.3276 0.0200 -0.9446
vn -0.9818 0.0446 -0.1844
vn -0.9901 0.0675 0.1233
vn -0.6488 0.0272 0.7605
vn 0.4537 -0.0584 0.8892
vn 0.3318 -0.0213 0.9431
vn 0.9797 -0.0587 0.1916
vn 0.9937 -0.0666 -0.0896
vn 0.6583 -0.0351 -0.7519
vn 0.2468 0.0200 -0.9689
vn 0.6587 -0.6898 0.3004
vn 0.9141 -0.1982 0.3539
vn 0.5568 -0.2294 0.7983
vn 0.3224 -0.3771 0.8683
vn 0.0270 -0.0350 0.9990
vn -0.4126 0.4122 0.8123
vn 0.0039 -0.0509 0.9987
vn -0.0586 0.0349 0.9977
vn -0.4282 0.2718 0.8618
vn 0.1681 -0.6528 0.7386
vn 0.0119 -0.5040 0.8636
vn 0.0039 0.1054 0.9944
vn -0.1446 0.5679 0.8103
vn -0.6026 0.7047 0.3745
vn -0.0041 0.6712 0.7413
vn -0.2017 0.9284 0.3121
vn -0.0041 0.9780 0.2085
vn 0.6594 -0.6894 0.2998
vn 0.2858 -0.9281 -0.2388
vn 0.6498 -0.6506 -0.3931
vn 0.1912 -0.9501 0.2465
vn 0.0120 -0.9532 -0.3021
vn 0.0119 -0.9129 0.4079
vn 0.1683 -0.6527 0.7386
vn 0.3235 -0.3769 0.8679
vn 0.0119 -0.5041 0.8636
vn -0.7246 0.2778 0.6306
vn -0.7247 -0.6077 0.3249
vn -0.7240 -0.6850 -0.0819
vn -0.8447 -0.4359 -0.3106
vn -0.7281 -0.2954 -0.6186
vn -0.7262 -0.2864 -0.6250
vn -0.7216 0.1226 -0.6814
vn -0.6127 0.6521 -0.4465
vn -0.7201 0.6880 0.0903
vn -0.6737 0.4688 0.5713
vn -0.8266 0.1542 -0.5413
vn 0.3477 -0.9107 -0.2232
vn -0.1598 -0.9151 0.3703
vn 0.6832 -0.2377 -0.6904
vn 0.8671 0.0040 -0.4981
vn -0.0041 -0.0272 -0.9996
vn -0.3734 -0.0751 -0.9246
vn -0.1927 -0.1147 -0.9745
vn 0.7409 -0.2309 -0.6307
vn 0.0128 -0.0353 -0.9993
vn 0.8282 -0.0901 -0.5532
vn 0.7608 -0.0816 -0.6438
vn -0.2645 -0.1145 -0.9575
vn 0.7621 -0.0587 -0.6448
vn -0.0673 -0.0821 -0.9943
vn 0.7626 0.0508 -0.6449
vn -0.1852 0.0201 -0.9825
vn 0.7627 0.0349 -0.6458
vn -0.1856 0.0272 -0.9823
vn 0.5745 -0.0119 -0.8184
vn -0.2948 0.0431 -0.9546
vn 0.2470 0.0200 -0.9688
vn -0.8265 0.0756 -0.5578
vn 0.9940 -0.0629 -0.0898
vn -0.9902 0.0674 0.1227
vn 0.9332 -0.0507 0.3559
vn -0.3971 0.0431 -0.9168
vn -0.3275 0.0121 -0.9448
vn 0.6583 -0.0284 -0.7522
vn -0.0120 -0.8118 -0.5839
vn 0.0040 -0.2543 -0.9671
vn -0.7281 -0.2953 -0.6186
vn -0.7239 -0.6850 -0.0818
vn -0.0040 -0.9978 0.0667
vn -0.7247 -0.6076 0.3250
vn 0.0040 -0.7597 0.6503
vn -0.7160 -0.2854 0.6371
vn 0.0121 -0.1761 0.9843
vn -0.2318 -0.2952 -0.9269
vn -0.2313 -0.7827 -0.5778
vn -0.8985 -0.3257 -0.2942
vn -0.8994 -0.0898 -0.4279
vn -0.9006 0.1767 -0.3972
vn -0.2339 0.7959 -0.5584
vn -0.8993 0.3802 -0.2161
vn -0.2309 0.9728 0.0202
vn -0.8985 0.4360 0.0511
vn -0.2334 0.7758 0.5862
vn -0.8991 0.3176 0.3013
vn -0.2294 0.2863 0.9303
vn -0.8962 0.0823 0.4361
vn -0.2318 -0.3171 0.9196
vn -0.8970 -0.1833 0.4023
vn -0.2313 -0.7954 0.5602
vn -0.8950 -0.3864 0.2229
vn -0.2300 -0.9731 -0.0119
vn -0.8959 -0.4422 -0.0429
vn -0.2318 -0.2955 -0.9268
vn -0.2328 0.3124 -0.9210
vn 0.8104 0.1138 -0.5747
vn -0.2333 0.7960 -0.5586
vn 0.5387 0.8376 -0.0902
vn 0.8060 0.5104 0.2998
vn -0.2321 0.7761 0.5863
vn 0.8063 0.2375 0.5417
vn 0.8050 -0.1279 0.5793
vn -0.2305 -0.3173 0.9199
vn 0.7042 -0.5249 0.4782
vn -0.2308 -0.7953 0.5605
vn 0.5348 -0.8394 0.0975
vn -0.2303 -0.9731 -0.0120
vn 0.8045 -0.5175 -0.2915
vn -0.2318 -0.7825 -0.5778
vn -0.4122 0.4124 0.8124
vn -0.4287 0.2718 0.8616
vn -0.6735 0.4691 0.5713
vn -0.6901 0.6825 -0.2405
vn -0.8264 0.1547 -0.5414
vn -0.2305 0.2860 0.9301
vn -0.2326 0.7760 0.5863
vn -0.8989 0.3174 0.3021
vn -0.8967 0.0817 0.4350
vn -0.2299 -0.3176 0.9199
vn -0.8963 -0.1841 0.4034
vn -0.2299 -0.7953 0.5609
vn -0.8945 -0.3870 0.2240
vn -0.2303 -0.9731 -0.0118
vn -0.8960 -0.4420 -0.0428
vn -0.2317 -0.7826 -0.5777
vn -0.8987 -0.3254 -0.2941
vn -0.8993 -0.0899 -0.4280
vn -0.2339 0.3122 -0.9208
vn -0.9011 0.1762 -0.3963
vn -0.2328 0.7962 -0.5585
vn -0.8988 0.3812 -0.2163
vn -0.2311 0.9727 0.0199
vn -0.8985 0.4361 0.0509
vn -0.4855 0.0434 -0.8732
vn 0.1680 -0.0670 -0.9835
vn -0.0672 -0.0352 -0.9971
vn 0.3723 -0.3726 -0.8500
vn 0.6698 -0.1843 -0.7193
vn -0.1461 0.5715 -0.8075
vn -0.1296 0.9438 -0.3042
vn -0.6902 0.6825 -0.2405
vn -0.5015 0.3042 -0.8099
vn -0.8268 0.1544 -0.5409
vn 0.0038 -0.0514 -0.9987
vn 0.1693 -0.6567 -0.7349
vn 0.6501 -0.6502 -0.3932
vn 0.2857 -0.9281 -0.2389
vn 0.0121 -0.9531 -0.3024
vn 0.0121 -0.5074 -0.8616
vn 0.0041 0.1062 -0.9943
vn -0.0046 0.6751 -0.7377
vn -0.0040 0.9525 -0.3046
vn 0.0244 -0.0350 0.9991
vn 0.5544 -0.2291 0.8001
vn 0.4645 -0.6194 0.6330
vn 0.0441 -0.8446 0.5336
vn 0.4638 -0.6191 0.6337
vn 0.5574 -0.2293 0.7979
vn 0.9142 -0.1983 0.3534
vn 0.6876 -0.7185 0.1045
vn 0.9430 -0.2464 -0.2236
vn 0.6156 -0.7246 -0.3098
vn 0.6707 -0.1841 -0.7185
vn 0.3416 -0.7241 -0.5991
vn 0.3403 -0.7242 -0.5998
vn 0.6707 -0.1840 -0.7186
vn 0.1690 -0.0670 -0.9833
vn -0.0754 -0.7243 -0.6853
vn -0.4847 0.0433 -0.8736
vn -0.4914 -0.7197 -0.4904
vn -0.9612 0.2651 -0.0756
vn -0.6808 0.7209 -0.1296
vn -0.6267 0.7211 0.2954
vn -0.8211 0.2632 0.5065
vn -0.3336 0.7194 0.6092
vn -0.3729 0.2630 0.8898
vn -0.9612 0.2653 -0.0757
vn -0.6663 0.7448 -0.0352
vn -0.5166 0.7449 -0.4221
vn 0.0818 0.7166 0.6927
vn 0.2227 0.2614 0.9392
vn 0.4737 0.7161 0.5126
vn 0.7313 0.2624 0.6295
vn 0.6843 0.7162 0.1368
vn 0.9613 0.2630 0.0820
vn 0.6324 0.7196 -0.2867
vn 0.8266 0.2628 -0.4977
vn 0.3424 0.7210 -0.6025
vn 0.3815 0.2641 -0.8858
vn -0.0753 0.7210 -0.6888
vn -0.2168 0.2638 -0.9399
vn -0.4695 0.7217 -0.5086
vn -0.7308 0.2651 -0.6290
vn -0.1702 0.7463 -0.6435
vn 0.2482 0.7449 -0.6193
vn 0.5635 0.7443 -0.3586
vn 0.6707 0.7405 0.0430
vn 0.5210 0.7396 0.4261
vn 0.1761 0.7415 0.6475
vn -0.2395 0.7427 0.6254
vn -0.6665 0.7447 -0.0352
vn -0.4912 -0.7195 -0.4910
vn -0.4848 0.0433 -0.8736
vn -0.8262 0.1542 -0.5418
vn 0.3478 -0.9106 -0.2232
vn -0.1596 -0.9150 0.3705
vn -0.6745 0.4691 0.5701
vn -0.6416 -0.0271 0.7666
vn -0.3164 -0.7300 0.6057
vn 0.0264 -0.0350 0.9990
vn 0.0040 -0.3419 -0.9397
vn 0.0120 0.2640 -0.9644
vn -0.6189 0.2250 -0.7526
usemtl 6_mybody-PC-ClassicFence.smd-MESH_0.1_16_16
s 1
f 1/1/1 2/2/2 3/3/3
f 1/1/1 4/4/4 2/2/2
f 5/5/5 4/4/4 1/1/1
f 5/5/5 6/6/6 4/4/4
f 7/7/7 6/6/6 5/5/5
f 7/7/7 8/8/8 6/6/6
f 9/9/9 8/8/8 7/7/7
f 9/9/9 10/10/10 8/8/8
f 11/11/11 12/12/12 13/13/13
f 11/11/11 14/14/14 12/12/12
f 15/15/15 14/14/14 11/11/11
f 15/15/15 16/16/16 14/14/14
f 17/17/17 18/18/18 19/19/19
f 17/17/17 20/20/20 18/18/18
f 21/21/21 20/20/20 17/17/17
f 21/21/21 22/22/22 20/20/20
f 23/23/23 22/22/22 21/21/21
f 23/23/23 24/24/12 22/22/22
f 25/25/24 26/26/18 27/27/19
f 25/25/24 28/28/25 26/26/18
f 29/29/26 28/28/25 25/25/24
f 29/29/26 30/30/27 28/28/25
f 31/31/23 30/30/27 29/29/26
f 31/31/23 32/32/12 30/30/27
f 33/33/11 34/34/12 35/35/13
f 33/33/11 36/36/14 34/34/12
f 37/37/15 36/36/14 33/33/11
f 37/37/15 38/38/16 36/36/14
f 39/39/1 40/40/28 41/41/15
f 39/39/1 42/42/29 40/40/28
f 43/43/5 42/42/29 39/39/1
f 43/43/5 44/44/30 42/42/29
f 45/45/7 44/44/30 43/43/5
f 45/45/7 46/46/8 44/44/30
f 47/47/31 46/46/8 45/45/7
f 47/47/31 48/48/32 46/46/8
f 49/49/1 50/50/2 51/51/3
f 49/49/1 52/52/29 50/50/2
f 53/53/33 52/52/29 49/49/1
f 53/53/33 54/54/34 52/52/29
f 55/55/35 54/54/34 53/53/33
f 55/55/35 56/56/8 54/54/34
f 57/57/9 56/56/8 55/55/35
f 57/57/9 58/58/10 56/56/8
f 59/59/36 60/60/12 61/61/23
f 59/59/36 62/62/37 60/60/12
f 63/63/15 62/62/37 59/59/36
f 63/63/15 64/64/16 62/62/37
f 65/65/24 66/66/18 67/67/19
f 65/65/24 68/68/38 66/66/18
f 69/69/26 68/68/38 65/65/24
f 69/69/26 70/70/39 68/68/38
f 71/71/13 70/70/39 69/69/26
f 71/71/13 72/72/12 70/70/39
f 73/73/40 74/74/41 75/75/42
f 73/73/40 76/76/25 74/74/41
f 77/77/43 76/76/25 73/73/40
f 77/77/43 78/78/27 76/76/25
f 79/79/13 78/78/27 77/77/43
f 79/79/13 80/80/44 78/78/27
f 81/81/11 82/82/12 83/83/13
f 81/81/11 84/84/14 82/82/12
f 85/85/15 84/84/14 81/81/11
f 85/85/15 86/86/16 84/84/14
f 87/87/45 88/88/46 89/89/47
f 87/87/45 90/90/48 88/88/46
f 91/91/49 90/90/48 87/87/45
f 91/91/49 92/92/50 90/90/48
f 93/93/51 92/92/50 91/91/49
f 93/93/51 94/94/52 92/92/50
f 95/95/53 94/94/52 93/93/51
f 95/95/53 96/96/54 94/94/52
f 97/97/1 98/98/2 99/99/3
f 97/97/1 100/100/55 98/98/2
f 101/101/5 100/100/55 97/97/1
f 101/101/5 102/102/34 100/100/55
f 103/103/7 102/102/34 101/101/5
f 103/103/7 104/104/56 102/102/34
f 105/105/9 104/104/56 103/103/7
f 105/105/9 106/106/10 104/104/56
f 107/107/57 108/108/58 109/109/59
f 107/107/57 109/109/59 110/110/60
f 110/110/60 111/111/61 107/107/57
f 110/110/60 112/112/62 111/111/61
f 111/111/61 112/112/62 113/113/63
f 114/114/64 107/107/57 111/111/61
f 111/111/61 113/113/63 114/114/64
f 115/115/65 108/108/58 107/107/57
f 114/114/64 115/115/65 107/107/57
f 115/115/65 116/116/66 108/108/58
f 117/117/67 118/118/68 119/119/69
f 117/117/67 120/120/70 118/118/68
f 121/121/71 120/120/70 117/117/67
f 121/121/71 122/122/72 120/120/70
f 123/123/11 124/124/12 125/125/13
f 123/123/11 126/126/37 124/124/12
f 127/127/15 126/126/37 123/123/11
f 127/127/15 128/128/16 126/126/37
f 129/129/73 130/130/74 131/131/75
f 129/129/73 132/132/76 130/130/74
f 133/133/77 132/132/76 129/129/73
f 133/133/77 134/134/78 132/132/76
f 135/135/79 134/134/78 133/133/77
f 135/135/79 136/136/68 134/134/78
f 137/137/1 138/138/2 139/139/3
f 137/137/1 140/140/29 138/138/2
f 141/141/33 140/140/29 137/137/1
f 141/141/33 142/142/80 140/140/29
f 143/143/7 142/142/80 141/141/33
f 143/143/7 144/144/8 142/142/80
f 145/145/9 144/144/8 143/143/7
f 145/145/9 146/146/10 144/144/8
f 147/147/81 148/148/81 149/149/81
f 147/147/81 150/150/81 148/148/81
f 151/151/82 148/148/81 150/150/81
f 152/152/83 151/151/82 150/150/81
f 152/152/83 150/150/81 153/153/84
f 154/154/85 150/150/81 147/147/81
f 154/154/85 153/153/84 150/150/81
f 147/147/81 155/155/86 154/154/85
f 147/147/81 156/156/87 155/155/86
f 147/147/81 157/157/88 156/156/87
f 147/147/81 149/149/81 157/157/88
f 149/149/81 158/158/89 157/157/88
f 149/149/81 159/159/90 158/158/89
f 149/149/81 148/148/81 160/160/91
f 149/149/81 160/160/91 159/159/90
f 161/161/92 160/160/91 148/148/81
f 151/151/82 162/162/93 148/148/81
f 161/161/92 148/148/81 162/162/93
f 163/163/94 164/164/46 165/165/71
f 163/163/94 166/166/95 164/164/46
f 167/167/96 166/166/95 163/163/94
f 167/167/96 168/168/97 166/166/95
f 169/169/98 168/168/97 167/167/96
f 169/169/98 170/170/99 168/168/97
f 171/171/100 170/170/99 169/169/98
f 171/171/100 172/172/54 170/170/99
f 173/173/24 174/174/41 175/175/19
f 173/173/24 176/176/20 174/174/41
f 177/177/21 176/176/20 173/173/24
f 177/177/21 178/178/101 176/176/20
f 179/179/23 178/178/101 177/177/21
f 179/179/23 180/180/12 178/178/101
f 181/181/102 182/182/68 183/183/103
f 181/181/102 184/184/104 182/182/68
f 185/185/71 184/184/104 181/181/102
f 185/185/71 186/186/72 184/184/104
f 187/187/11 188/188/12 189/189/23
f 187/187/11 190/190/105 188/188/12
f 191/191/15 190/190/105 187/187/11
f 191/191/15 192/192/16 190/190/105
f 193/193/106 194/194/18 195/195/19
f 193/193/106 196/196/20 194/194/18
f 197/197/43 196/196/20 193/193/106
f 197/197/43 198/198/101 196/196/20
f 199/199/23 198/198/101 197/197/43
f 199/199/23 200/200/12 198/198/101
f 201/201/1 202/202/28 203/203/3
f 201/201/1 204/204/107 202/202/28
f 205/205/33 204/204/107 201/201/1
f 205/205/33 206/206/6 204/204/107
f 207/207/7 206/206/6 205/205/33
f 207/207/7 208/208/8 206/206/6
f 209/209/9 208/208/8 207/207/7
f 209/209/9 210/210/32 208/208/8
f 211/211/108 212/212/108 213/213/108
f 211/211/108 214/214/108 212/212/108
f 215/215/109 214/214/108 211/211/108
f 211/211/108 216/216/110 215/215/109
f 211/211/108 217/217/111 216/216/110
f 211/211/108 213/213/108 218/218/112
f 211/211/108 218/218/112 217/217/111
f 213/213/108 219/219/113 218/218/112
f 213/213/108 220/220/114 219/219/113
f 213/213/108 221/221/115 220/220/114
f 213/213/108 212/212/108 221/221/115
f 212/212/108 222/222/116 221/221/115
f 212/212/108 223/223/117 222/222/116
f 212/212/108 214/214/108 224/224/118
f 212/212/108 224/224/118 223/223/117
f 214/214/108 225/225/119 224/224/118
f 215/215/109 226/226/120 214/214/108
f 214/214/108 226/226/120 225/225/119
f 227/227/24 228/228/18 229/229/19
f 227/227/24 230/230/25 228/228/18
f 231/231/21 230/230/25 227/227/24
f 231/231/21 232/232/121 230/230/25
f 233/233/23 232/232/121 231/231/21
f 233/233/23 234/234/12 232/232/121
f 235/235/122 236/236/74 237/237/123
f 235/235/122 238/238/76 236/236/74
f 239/239/124 238/238/76 235/235/122
f 239/239/124 240/240/125 238/238/76
f 241/241/69 240/240/125 239/239/124
f 241/241/69 242/242/68 240/240/125
f 243/243/126 244/244/12 245/245/23
f 243/243/126 246/246/14 244/244/12
f 247/247/15 246/246/14 243/243/126
f 247/247/15 248/248/16 246/246/14
f 249/249/127 250/250/59 251/251/128
f 249/249/127 252/252/60 250/250/59
f 249/249/127 253/253/129 252/252/60
f 249/249/127 254/254/130 253/253/129
f 254/254/130 255/255/131 253/253/129
f 254/254/130 256/256/132 255/255/131
f 257/257/133 255/255/131 256/256/132
f 257/257/133 258/258/134 255/255/131
f 259/259/135 258/258/134 257/257/133
f 259/259/135 260/260/136 258/258/134
f 259/259/135 261/261/137 260/260/136
f 259/259/135 262/262/138 261/261/137
f 263/263/139 264/264/140 265/265/141
f 263/263/139 265/265/141 266/266/142
f 267/267/143 263/263/139 266/266/142
f 267/267/143 266/266/142 268/268/144
f 269/269/145 267/267/143 268/268/144
f 269/269/145 268/268/144 270/270/144
f 271/271/146 269/269/145 270/270/144
f 271/271/146 270/270/144 272/272/147
f 273/273/148 271/271/146 272/272/147
f 273/273/148 274/274/149 271/271/146
f 275/275/150 274/274/149 273/273/148
f 275/275/150 273/273/148 276/276/151
f 277/277/152 275/275/150 276/276/151
f 277/277/152 276/276/151 278/278/153
f 279/279/154 277/277/152 278/278/153
f 279/279/154 278/278/153 280/280/155
f 281/281/156 279/279/154 280/280/155
f 281/281/156 282/282/157 279/279/154
f 283/283/158 282/282/157 281/281/156
f 283/283/158 284/284/159 282/282/157
f 285/285/160 284/284/159 283/283/158
f 285/285/160 286/286/161 284/284/159
f 287/287/162 286/286/161 285/285/160
f 287/287/162 288/288/163 286/286/161
f 289/289/164 290/290/165 291/291/166
f 289/289/164 291/291/166 292/292/167
f 292/292/167 291/291/166 293/293/168
f 292/292/167 293/293/168 294/294/169
f 294/294/169 293/293/168 295/295/170
f 294/294/169 295/295/170 296/296/171
f 296/296/171 295/295/170 297/297/172
f 296/296/171 297/297/172 298/298/173
f 298/298/173 297/297/172 299/299/174
f 298/298/173 299/299/174 300/300/175
f 300/300/175 299/299/174 301/301/176
f 300/300/175 301/301/176 302/302/177
f 302/302/177 301/301/176 303/303/178
f 302/302/177 303/303/178 304/304/179
f 304/304/179 303/303/178 305/305/180
f 304/304/179 305/305/180 306/306/181
f 306/306/181 305/305/180 307/307/182
f 306/306/181 307/307/182 308/308/183
f 308/308/183 307/307/182 290/290/165
f 308/308/183 290/290/165 289/289/164
f 293/293/168 309/309/81 295/295/170
f 295/295/170 309/309/81 297/297/172
f 297/297/172 309/309/81 299/299/174
f 299/299/174 309/309/81 301/301/176
f 301/301/176 309/309/81 303/303/178
f 303/303/178 309/309/81 305/305/180
f 305/305/180 309/309/81 307/307/182
f 307/307/182 309/309/81 290/290/165
f 290/290/165 309/309/81 291/291/166
f 291/291/166 309/309/81 293/293/168
f 310/310/184 311/311/185 312/312/186
f 310/310/184 312/312/186 313/313/187
f 313/313/187 312/312/186 314/314/188
f 313/313/187 314/314/188 315/315/189
f 315/315/189 314/314/188 316/316/190
f 315/315/189 316/316/190 317/317/191
f 317/317/191 316/316/190 318/318/192
f 317/317/191 318/318/192 319/319/193
f 319/319/193 318/318/192 320/320/194
f 319/319/193 320/320/194 321/321/195
f 321/321/195 320/320/194 322/322/196
f 321/321/195 322/322/196 323/323/197
f 323/323/197 322/322/196 324/324/198
f 323/323/197 324/324/198 325/325/199
f 325/325/199 324/324/198 326/326/200
f 325/325/199 326/326/200 327/327/201
f 327/327/201 326/326/200 328/328/202
f 327/327/201 328/328/202 329/329/203
f 329/329/203 328/328/202 311/311/185
f 329/329/203 311/311/185 310/310/184
f 314/314/188 330/330/204 316/316/190
f 316/316/190 330/330/204 318/318/192
f 318/318/192 330/330/204 320/320/194
f 312/312/186 330/330/204 314/314/188
f 322/322/196 330/330/204 324/324/198
f 324/324/198 330/330/204 326/326/200
f 326/326/200 330/330/204 328/328/202
f 328/328/202 330/330/204 311/311/185
f 311/311/185 330/330/204 312/312/186
f 320/320/194 330/330/204 322/322/196
f 331/331/1 332/332/28 333/333/15
f 331/331/1 334/334/29 332/332/28
f 335/335/33 334/334/29 331/331/1
f 335/335/33 336/336/30 334/334/29
f 337/337/7 336/336/30 335/335/33
f 337/337/7 338/338/8 336/336/30
f 339/339/9 338/338/8 337/337/7
f 339/339/9 340/340/32 338/338/8
f 341/341/205 342/342/206 343/343/207
f 341/341/205 343/343/207 344/344/208
f 345/345/209 341/341/205 344/344/208
f 345/345/209 344/344/208 346/346/210
f 347/347/211 345/345/209 346/346/210
f 347/347/211 346/346/210 348/348/212
f 349/349/213 347/347/211 348/348/212
f 349/349/213 348/348/212 350/350/214
f 351/351/215 349/349/213 350/350/214
f 351/351/215 350/350/214 352/352/216
f 353/353/217 351/351/215 352/352/216
f 353/353/217 352/352/216 354/354/218
f 355/355/219 353/353/217 354/354/218
f 355/355/219 354/354/218 356/356/220
f 357/357/221 355/355/219 356/356/220
f 357/357/221 356/356/220 358/358/222
f 358/358/222 359/359/223 357/357/221
f 358/358/222 360/360/224 359/359/223
f 342/342/206 359/359/223 360/360/224
f 342/342/206 360/360/224 343/343/207
f 361/361/24 362/362/41 363/363/19
f 361/361/24 364/364/225 362/362/41
f 365/365/43 364/364/225 361/361/24
f 365/365/43 366/366/226 364/364/225
f 367/367/13 366/366/226 365/365/43
f 367/367/13 368/368/227 366/366/226
f 369/369/228 370/370/229 371/371/230
f 369/369/228 371/371/230 372/372/231
f 373/373/232 369/369/228 372/372/231
f 373/373/232 372/372/231 374/374/233
f 375/375/234 373/373/232 374/374/233
f 375/375/234 374/374/233 376/376/235
f 377/377/236 375/375/234 376/376/235
f 377/377/236 376/376/235 378/378/237
f 379/379/238 377/377/236 378/378/237
f 379/379/238 378/378/237 380/380/239
f 381/381/240 379/379/238 380/380/239
f 381/381/240 380/380/239 382/382/241
f 383/383/242 381/381/240 382/382/241
f 383/383/242 382/382/241 384/384/243
f 385/385/244 383/383/242 384/384/243
f 385/385/244 384/384/243 386/386/245
f 387/387/246 385/385/244 386/386/245
f 387/387/246 386/386/245 388/388/247
f 370/370/229 387/387/246 388/388/247
f 370/370/229 388/388/247 371/371/230
f 389/389/11 390/390/12 391/391/23
f 389/389/11 392/392/14 390/390/12
f 393/393/15 392/392/14 389/389/11
f 393/393/15 394/394/16 392/392/14
f 395/395/248 396/396/209 397/397/249
f 395/395/248 397/397/249 398/398/250
f 399/399/213 395/395/248 398/398/250
f 399/399/213 398/398/250 400/400/251
f 401/401/252 399/399/213 400/400/251
f 401/401/252 400/400/251 402/402/253
f 403/403/254 401/401/252 402/402/253
f 403/403/254 402/402/253 404/404/255
f 405/405/256 403/403/254 404/404/255
f 405/405/256 404/404/255 406/406/257
f 407/407/258 405/405/256 406/406/257
f 407/407/258 406/406/257 408/408/259
f 408/408/259 409/409/260 407/407/258
f 408/408/259 410/410/261 409/409/260
f 411/411/262 409/409/260 410/410/261
f 411/411/262 410/410/261 412/412/263
f 413/413/264 411/411/262 412/412/263
f 396/396/209 413/413/264 414/414/265
f 396/396/209 414/414/265 397/397/249
f 413/413/264 412/412/263 414/414/265
f 415/415/1 416/416/16 417/417/3
f 415/415/1 418/418/29 416/416/16
f 419/419/5 418/418/29 415/415/1
f 419/419/5 420/420/30 418/418/29
f 421/421/7 420/420/30 419/419/5
f 421/421/7 422/422/8 420/420/30
f 423/423/31 422/422/8 421/421/7
f 423/423/31 424/424/10 422/422/8
f 425/425/266 426/426/267 427/427/268
f 425/425/266 428/428/269 426/426/267
f 428/428/269 429/429/255 426/426/267
f 428/428/269 430/430/270 429/429/255
f 430/430/270 431/431/271 429/429/255
f 430/430/270 432/432/272 431/431/271
f 432/432/272 433/433/273 431/431/271
f 432/432/272 434/434/274 433/433/273
f 434/434/274 435/435/275 433/433/273
f 434/434/274 436/436/276 435/435/275
f 436/436/276 437/437/277 435/435/275
f 436/436/276 438/438/278 437/437/277
f 438/438/278 439/439/208 437/437/277
f 438/438/278 440/440/205 439/439/208
f 440/440/205 441/441/279 439/439/208
f 440/440/205 442/442/280 441/441/279
f 442/442/280 443/443/261 441/441/279
f 427/427/268 443/443/261 444/444/260
f 427/427/268 444/444/260 425/425/266
f 442/442/280 444/444/260 443/443/261
f 445/445/281 446/446/282 447/447/283
f 446/446/282 448/448/284 447/447/283
f 446/446/282 449/449/285 448/448/284
f 449/449/285 450/450/286 448/448/284
f 449/449/285 451/451/287 450/450/286
f 451/451/287 452/452/288 450/450/286
f 451/451/287 453/453/289 452/452/288
f 453/453/289 454/454/290 452/452/288
f 448/448/284 450/450/286 454/454/290
f 450/450/286 452/452/288 454/454/290
f 453/453/289 455/455/291 454/454/290
f 447/447/283 448/448/284 456/456/292
f 455/455/291 456/456/292 454/454/290
f 448/448/284 454/454/290 456/456/292
f 455/455/291 457/457/293 456/456/292
f 447/447/283 456/456/292 458/458/294
f 457/457/293 458/458/294 456/456/292
f 457/457/293 459/459/295 458/458/294
f 459/459/295 460/460/296 458/458/294
f 459/459/295 461/461/297 460/460/296
f 461/461/297 462/462/298 460/460/296
f 461/461/297 463/463/299 462/462/298
f 445/445/281 447/447/283 464/464/300
f 463/463/299 445/445/281 464/464/300
f 463/463/299 464/464/300 462/462/298
f 464/464/300 447/447/283 458/458/294
f 464/464/300 458/458/294 460/460/296
f 464/464/300 460/460/296 462/462/298
f 465/465/24 466/466/41 467/467/19
f 465/465/24 468/468/38 466/466/41
f 469/469/43 468/468/38 465/465/24
f 469/469/43 470/470/301 468/468/38
f 471/471/302 470/470/301 469/469/43
f 471/471/302 472/472/12 470/470/301
f 473/473/303 474/474/304 475/475/305
f 473/473/303 475/475/305 476/476/306
f 477/477/307 473/473/303 476/476/306
f 477/477/307 476/476/306 478/478/308
f 477/477/307 478/478/308 479/479/309
f 477/477/307 479/479/309 480/480/310
f 481/481/311 482/482/312 483/483/313
f 481/481/311 483/483/313 484/484/314
f 484/484/314 483/483/313 485/485/315
f 484/484/314 485/485/315 486/486/316
f 486/486/316 485/485/315 487/487/317
f 486/486/316 487/487/317 488/488/318
f 488/488/318 487/487/317 489/489/319
f 488/488/318 489/489/319 490/490/320
f 490/490/320 489/489/319 491/491/321
f 490/490/320 491/491/321 492/492/322
f 492/492/322 491/491/321 493/493/323
f 492/492/322 493/493/323 494/494/324
f 494/494/324 493/493/323 495/495/325
f 494/494/324 495/495/325 496/496/326
f 496/496/326 495/495/325 497/497/327
f 496/496/326 497/497/327 498/498/328
f 498/498/328 497/497/327 499/499/329
f 500/500/330 499/499/329 482/482/312
f 500/500/330 482/482/312 481/481/311
f 498/498/328 499/499/329 500/500/330
f 501/501/331 502/502/332 503/503/333
f 504/504/334 501/501/331 503/503/333
f 504/504/334 503/503/333 505/505/335
f 506/506/336 504/504/334 505/505/335
f 506/506/336 505/505/335 507/507/337
f 508/508/338 506/506/336 507/507/337
f 508/508/338 507/507/337 509/509/339
f 508/508/338 509/509/339 510/510/340
f 511/511/341 512/512/105 513/513/342
f 511/511/341 513/513/342 514/514/343
f 514/514/343 513/513/342 515/515/29
f 514/514/343 515/515/29 516/516/344
f 516/516/344 515/515/29 517/517/80
f 516/516/344 517/517/80 518/518/345
f 518/518/345 517/517/80 519/519/346
f 518/518/345 519/519/346 520/520/347
f 520/520/347 519/519/346 521/521/348
f 520/520/347 521/521/348 522/522/349
f 522/522/349 521/521/348 523/523/350
f 522/522/349 523/523/350 524/524/351
f 524/524/351 523/523/350 525/525/352
f 524/524/351 525/525/352 526/526/353
f 526/526/353 525/525/352 527/527/354
f 526/526/353 527/527/354 528/528/355
f 528/528/355 527/527/354 529/529/356
f 530/530/357 529/529/356 512/512/105
f 530/530/357 512/512/105 511/511/341
f 528/528/355 529/529/356 530/530/357
f 531/531/358 532/532/105 533/533/28
f 531/531/358 533/533/28 534/534/273
f 534/534/273 533/533/28 535/535/359
f 534/534/273 535/535/359 536/536/344
f 536/536/344 535/535/359 537/537/360
f 536/536/344 537/537/360 538/538/345
f 538/538/345 537/537/360 539/539/8
f 538/538/345 539/539/8 540/540/347
f 540/540/347 539/539/8 541/541/10
f 540/540/347 541/541/10 542/542/361
f 542/542/361 541/541/10 543/543/350
f 542/542/361 543/543/350 544/544/351
f 544/544/351 543/543/350 545/545/352
f 544/544/351 545/545/352 546/546/353
f 546/546/353 545/545/352 547/547/354
f 546/546/353 547/547/354 548/548/362
f 548/548/362 547/547/354 549/549/12
f 548/548/362 549/549/12 550/550/357
f 550/550/357 549/549/12 532/532/105
f 550/550/357 532/532/105 531/531/358
f 551/551/358 552/552/105 553/553/28
f 551/551/358 553/553/28 554/554/273
f 554/554/273 553/553/28 555/555/359
f 554/554/273 555/555/359 556/556/344
f 556/556/344 555/555/359 557/557/80
f 556/556/344 557/557/80 558/558/255
f 558/558/255 557/557/80 559/559/8
f 558/558/255 559/559/8 560/560/347
f 560/560/347 559/559/8 561/561/348
f 560/560/347 561/561/348 562/562/361
f 562/562/361 561/561/348 563/563/350
f 562/562/361 563/563/350 564/564/351
f 564/564/351 563/563/350 565/565/352
f 564/564/351 565/565/352 566/566/353
f 566/566/353 565/565/352 567/567/101
f 566/566/353 567/567/101 568/568/355
f 568/568/355 567/567/101 569/569/12
f 568/568/355 569/569/12 570/570/357
f 570/570/357 569/569/12 552/552/105
f 570/570/357 552/552/105 551/551/358
f 571/571/358 572/572/105 573/573/28
f 571/571/358 573/573/28 574/574/273
f 574/574/273 573/573/28 575/575/359
f 574/574/273 575/575/359 576/576/344
f 576/576/344 575/575/359 577/577/363
f 576/576/344 577/577/363 578/578/345
f 578/578/345 577/577/363 579/579/8
f 578/578/345 579/579/8 580/580/347
f 580/580/347 579/579/8 581/581/348
f 580/580/347 581/581/348 582/582/361
f 582/582/361 581/581/348 583/583/18
f 582/582/361 583/583/18 584/584/351
f 584/584/351 583/583/18 585/585/352
f 584/584/351 585/585/352 586/586/353
f 586/586/353 585/585/352 587/587/354
f 586/586/353 587/587/354 588/588/355
f 588/588/355 587/587/354 589/589/12
f 590/590/357 589/589/12 572/572/105
f 590/590/357 572/572/105 571/571/358
f 588/588/355 589/589/12 590/590/357
f 591/591/358 592/592/105 593/593/342
f 591/591/358 593/593/342 594/594/273
f 594/594/273 593/593/342 595/595/364
f 594/594/273 595/595/364 596/596/344
f 596/596/344 595/595/364 597/597/363
f 596/596/344 597/597/363 598/598/345
f 598/598/345 597/597/363 599/599/8
f 598/598/345 599/599/8 600/600/347
f 600/600/347 599/599/8 601/601/365
f 600/600/347 601/601/365 602/602/361
f 602/602/361 601/601/365 603/603/350
f 602/602/361 603/603/350 604/604/351
f 604/604/351 603/603/350 605/605/352
f 604/604/351 605/605/352 606/606/279
f 606/606/279 605/605/352 607/607/354
f 606/606/279 607/607/354 608/608/355
f 608/608/355 607/607/354 609/609/12
f 610/610/357 609/609/12 592/592/105
f 610/610/357 592/592/105 591/591/358
f 608/608/355 609/609/12 610/610/357
f 611/611/11 612/612/12 613/613/13
f 611/611/11 614/614/366 612/612/12
f 615/615/15 614/614/366 611/611/11
f 615/615/15 616/616/16 614/614/366
f 617/617/367 618/618/368 619/619/369
f 617/617/367 619/619/369 620/620/370
f 617/617/367 620/620/370 621/621/371
f 617/617/367 621/621/371 622/622/372
f 622/622/372 621/621/371 623/623/373
f 622/622/372 623/623/373 624/624/374
f 625/625/375 626/626/2 627/627/3
f 625/625/375 628/628/55 626/626/2
f 629/629/33 628/628/55 625/625/375
f 629/629/33 630/630/376 628/628/55
f 631/631/377 630/630/376 629/629/33
f 631/631/377 632/632/378 630/630/376
f 633/633/9 632/632/378 631/631/377
f 633/633/9 634/634/10 632/632/378
f 635/635/379 636/636/380 637/637/381
f 635/635/379 637/637/381 638/638/382
f 639/639/383 635/635/379 638/638/382
f 639/639/383 638/638/382 640/640/384
f 639/639/383 640/640/384 641/641/385
f 639/639/383 641/641/385 642/642/386
f 643/643/387 644/644/388 645/645/389
f 646/646/390 643/643/387 645/645/389
f 646/646/390 645/645/389 647/647/391
f 648/648/392 646/646/390 647/647/391
f 648/648/392 647/647/391 649/649/393
f 650/650/394 648/648/392 649/649/393
f 650/650/394 649/649/393 651/651/395
f 650/650/394 651/651/395 652/652/396
f 653/653/358 654/654/14 655/655/342
f 653/653/358 655/655/342 656/656/273
f 656/656/273 655/655/342 657/657/364
f 656/656/273 657/657/364 658/658/344
f 658/658/344 657/657/364 659/659/363
f 658/658/344 659/659/363 660/660/345
f 660/660/345 659/659/363 661/661/8
f 660/660/345 661/661/8 662/662/397
f 662/662/397 661/661/8 663/663/348
f 662/662/397 663/663/348 664/664/361
f 664/664/361 663/663/348 665/665/18
f 664/664/361 665/665/18 666/666/351
f 666/666/351 665/665/18 667/667/398
f 666/666/351 667/667/398 668/668/353
f 668/668/353 667/667/398 669/669/354
f 668/668/353 669/669/354 670/670/355
f 670/670/355 669/669/354 671/671/12
f 672/672/399 671/671/12 654/654/14
f 672/672/399 654/654/14 653/653/358
f 670/670/355 671/671/12 672/672/399
f 673/673/400 674/674/401 675/675/402
f 673/673/400 675/675/402 676/676/403
f 677/677/404 676/676/403 675/675/402
f 677/677/404 675/675/402 678/678/405
f 677/677/404 678/678/405 679/679/406
f 677/677/404 679/679/406 680/680/407
f 680/680/407 679/679/406 681/681/395
f 680/680/407 681/681/395 682/682/408
f 682/682/408 681/681/395 683/683/409
f 682/682/408 683/683/409 684/684/410
f 684/684/410 683/683/409 685/685/411
f 684/684/410 685/685/411 686/686/412
f 686/686/412 685/685/411 687/687/413
f 686/686/412 687/687/413 688/688/414
f 688/688/414 687/687/413 689/689/388
f 688/688/414 689/689/388 690/690/415
f 690/690/415 689/689/388 691/691/416
f 690/690/415 691/691/416 692/692/417
f 692/692/417 691/691/416 693/693/390
f 692/692/417 693/693/390 694/694/418
f 695/695/358 696/696/14 697/697/28
f 695/695/358 697/697/28 698/698/273
f 698/698/273 697/697/28 699/699/359
f 698/698/273 699/699/359 700/700/344
f 700/700/344 699/699/359 701/701/360
f 700/700/344 701/701/360 702/702/345
f 702/702/345 701/701/360 703/703/8
f 702/702/345 703/703/8 704/704/347
f 704/704/347 703/703/8 705/705/348
f 704/704/347 705/705/348 706/706/361
f 706/706/361 705/705/348 707/707/18
f 706/706/361 707/707/18 708/708/351
f 708/708/351 707/707/18 709/709/398
f 708/708/351 709/709/398 710/710/353
f 710/710/353 709/709/398 711/711/354
f 710/710/353 711/711/354 712/712/355
f 712/712/355 711/711/354 713/713/12
f 712/712/355 713/713/12 714/714/357
f 714/714/357 713/713/12 696/696/14
f 714/714/357 696/696/14 695/695/358
f 715/715/358 716/716/14 717/717/28
f 715/715/358 717/717/28 718/718/273
f 718/718/273 717/717/28 719/719/359
f 718/718/273 719/719/359 720/720/344
f 720/720/344 719/719/359 721/721/360
f 720/720/344 721/721/360 722/722/345
f 722/722/345 721/721/360 723/723/8
f 722/722/345 723/723/8 724/724/347
f 724/724/347 723/723/8 725/725/348
f 724/724/347 725/725/348 726/726/361
f 726/726/361 725/725/348 727/727/18
f 726/726/361 727/727/18 728/728/351
f 728/728/351 727/727/18 729/729/352
f 728/728/351 729/729/352 730/730/353
f 730/730/353 729/729/352 731/731/354
f 730/730/353 731/731/354 732/732/355
f 732/732/355 731/731/354 733/733/12
f 732/732/355 733/733/12 734/734/357
f 734/734/357 733/733/12 716/716/14
f 734/734/357 716/716/14 715/715/358
f 735/735/358 736/736/14 737/737/28
f 735/735/358 737/737/28 738/738/273
f 738/738/273 737/737/28 739/739/359
f 738/738/273 739/739/359 740/740/344
f 740/740/344 739/739/359 741/741/360
f 740/740/344 741/741/360 742/742/345
f 742/742/345 741/741/360 743/743/8
f 742/742/345 743/743/8 744/744/347
f 744/744/347 743/743/8 745/745/348
f 744/744/347 745/745/348 746/746/361
f 746/746/361 745/745/348 747/747/18
f 746/746/361 747/747/18 748/748/351
f 748/748/351 747/747/18 749/749/352
f 748/748/351 749/749/352 750/750/353
f 750/750/353 749/749/352 751/751/354
f 750/750/353 751/751/354 752/752/355
f 752/752/355 751/751/354 753/753/12
f 754/754/357 753/753/12 736/736/14
f 754/754/357 736/736/14 735/735/358
f 752/752/355 753/753/12 754/754/357
f 755/755/419 756/756/420 757/757/421
f 755/755/419 758/758/422 756/756/420
f 759/759/423 758/758/422 755/755/419
f 759/759/423 760/760/424 758/758/422
f 761/761/425 760/760/424 759/759/423
f 761/761/425 762/762/426 760/760/424
f 763/763/427 762/762/426 761/761/425
f 763/763/427 764/764/428 762/762/426
f 765/765/429 764/764/428 763/763/427
f 765/765/429 766/766/430 764/764/428
f 767/767/431 766/766/430 765/765/429
f 767/767/431 768/768/432 766/766/430
f 769/769/433 768/768/432 767/767/431
f 769/769/433 770/770/434 768/768/432
f 771/771/435 770/770/434 769/769/433
f 771/771/435 772/772/436 770/770/434
f 773/773/437 774/774/436 775/775/438
f 773/773/437 776/776/439 774/774/436
f 777/777/421 776/776/439 773/773/437
f 777/777/421 778/778/440 776/776/439
f 779/779/441 780/780/436 781/781/442
f 779/779/441 782/782/443 780/780/436
f 783/783/421 782/782/443 779/779/441
f 783/783/421 784/784/444 782/782/443
f 785/785/419 786/786/420 787/787/445
f 785/785/419 788/788/422 786/786/420
f 789/789/446 788/788/422 785/785/419
f 789/789/446 790/790/447 788/788/422
f 791/791/425 790/790/447 789/789/446
f 791/791/425 792/792/448 790/790/447
f 793/793/449 792/792/448 791/791/425
f 793/793/449 794/794/428 792/792/448
f 795/795/450 794/794/428 793/793/449
f 795/795/450 796/796/430 794/794/428
f 797/797/431 796/796/430 795/795/450
f 797/797/431 798/798/432 796/796/430
f 799/799/451 798/798/432 797/797/431
f 799/799/451 800/800/452 798/798/432
f 801/801/453 800/800/452 799/799/451
f 801/801/453 802/802/436 800/800/452
f 803/803/419 804/804/420 805/805/421
f 803/803/419 806/806/454 804/804/420
f 807/807/423 806/806/454 803/803/419
f 807/807/423 808/808/424 806/806/454
f 809/809/425 808/808/424 807/807/423
f 809/809/425 810/810/426 808/808/424
f 811/811/427 810/810/426 809/809/425
f 811/811/427 812/812/455 810/810/426
f 813/813/429 812/812/455 811/811/427
f 813/813/429 814/814/430 812/812/455
f 815/815/431 814/814/430 813/813/429
f 815/815/431 816/816/432 814/814/430
f 817/817/451 816/816/432 815/815/431
f 817/817/451 818/818/452 816/816/432
f 819/819/435 818/818/452 817/817/451
f 819/819/435 820/820/436 818/818/452
f 821/821/437 822/822/436 823/823/442
f 821/821/437 824/824/456 822/822/436
f 825/825/421 824/824/456 821/821/437
f 825/825/421 826/826/440 824/824/456
f 827/827/437 828/828/436 829/829/442
f 827/827/437 830/830/443 828/828/436
f 831/831/421 830/830/443 827/827/437
f 831/831/421 832/832/440 830/830/443
f 833/833/419 834/834/457 835/835/421
f 833/833/419 836/836/454 834/834/457
f 837/837/423 836/836/454 833/833/419
f 837/837/423 838/838/424 836/836/454
f 839/839/458 838/838/424 837/837/423
f 839/839/458 840/840/459 838/838/424
f 841/841/460 840/840/459 839/839/458
f 841/841/460 842/842/461 840/840/459
f 843/843/462 842/842/461 841/841/460
f 843/843/462 844/844/463 842/842/461
f 845/845/464 844/844/463 843/843/462
f 845/845/464 846/846/432 844/844/463
f 847/847/451 846/846/432 845/845/464
f 847/847/451 848/848/452 846/846/432
f 849/849/435 848/848/452 847/847/451
f 849/849/435 850/850/436 848/848/452
f 851/851/419 852/852/457 853/853/421
f 851/851/419 854/854/454 852/852/457
f 855/855/423 854/854/454 851/851/419
f 855/855/423 856/856/424 854/854/454
f 857/857/425 856/856/424 855/855/423
f 857/857/425 858/858/465 856/856/424
f 859/859/449 858/858/465 857/857/425
f 859/859/449 860/860/428 858/858/465
f 861/861/429 860/860/428 859/859/449
f 861/861/429 862/862/463 860/860/428
f 863/863/431 862/862/463 861/861/429
f 863/863/431 864/864/466 862/862/463
f 865/865/451 864/864/466 863/863/431
f 865/865/451 866/866/452 864/864/466
f 867/867/435 866/866/452 865/865/451
f 867/867/435 868/868/436 866/866/452
f 869/869/467 870/870/436 871/871/438
f 869/869/467 872/872/468 870/870/436
f 873/873/421 872/872/468 869/869/467
f 873/873/421 874/874/420 872/872/468
f 875/875/469 876/876/470 877/877/471
f 875/875/469 877/877/471 878/878/472
f 879/879/473 875/875/469 878/878/472
f 879/879/473 878/878/472 880/880/474
f 881/881/475 879/879/473 880/880/474
f 881/881/475 880/880/474 882/882/476
f 883/883/477 881/881/475 882/882/476
f 883/883/477 882/882/476 884/884/478
f 885/885/479 883/883/477 884/884/478
f 885/885/479 884/884/478 886/886/480
f 887/887/481 885/885/479 886/886/480
f 887/887/481 886/886/480 888/888/482
f 888/888/482 889/889/483 887/887/481
f 888/888/482 890/890/484 889/889/483
f 891/891/485 889/889/483 890/890/484
f 891/891/485 890/890/484 892/892/486
f 893/893/487 891/891/485 892/892/486
f 876/876/470 893/893/487 894/894/488
f 876/876/470 894/894/488 877/877/471
f 893/893/487 892/892/486 894/894/488
f 895/895/489 896/896/490 897/897/491
f 895/895/489 897/897/491 898/898/492
f 898/898/492 897/897/491 899/899/493
f 898/898/492 899/899/493 900/900/494
f 900/900/494 899/899/493 901/901/495
f 900/900/494 901/901/495 902/902/496
f 902/902/496 901/901/495 903/903/497
f 902/902/496 903/903/497 904/904/498
f 904/904/498 903/903/497 905/905/499
f 904/904/498 905/905/499 906/906/500
f 906/906/500 905/905/499 907/907/501
f 906/906/500 907/907/501 908/908/179
f 908/908/179 907/907/501 909/909/180
f 908/908/179 909/909/180 910/910/502
f 910/910/502 909/909/180 911/911/182
f 910/910/502 911/911/182 912/912/503
f 912/912/503 911/911/182 913/913/504
f 912/912/503 913/913/504 914/914/505
f 914/914/505 896/896/490 895/895/489
f 914/914/505 913/913/504 896/896/490
f 899/899/493 915/915/81 901/901/495
f 901/901/495 915/915/81 903/903/497
f 903/903/497 915/915/81 905/905/499
f 905/905/499 915/915/81 907/907/501
f 907/907/501 915/915/81 909/909/180
f 909/909/180 915/915/81 911/911/182
f 911/911/182 915/915/81 913/913/504
f 913/913/504 915/915/81 896/896/490
f 897/897/491 915/915/81 899/899/493
f 896/896/490 915/915/81 897/897/491
f 916/916/506 917/917/507 918/918/508
f 916/916/506 919/919/509 917/917/507
f 920/920/510 919/919/509 916/916/506
f 920/920/510 921/921/511 919/919/509
f 922/922/512 921/921/511 920/920/510
f 922/922/512 923/923/513 921/921/511
f 924/924/514 923/923/513 922/922/512
f 924/924/514 925/925/335 923/923/513
f 926/926/515 925/925/335 924/924/514
f 926/926/515 927/927/516 925/925/335
f 928/928/517 927/927/516 926/926/515
f 928/928/517 929/929/339 927/927/516
f 930/930/518 929/929/339 928/928/517
f 930/930/518 931/931/340 929/929/339
f 932/932/519 931/931/340 930/930/518
f 932/932/519 933/933/338 931/931/340
f 934/934/520 933/933/338 932/932/519
f 934/934/520 935/935/521 933/933/338
f 936/936/522 935/935/521 934/934/520
f 936/936/522 937/937/523 935/935/521
f 938/938/524 939/939/525 940/940/526
f 938/938/524 941/941/527 939/939/525
f 942/942/528 941/941/527 938/938/524
f 942/942/528 943/943/529 941/941/527
f 944/944/530 943/943/529 942/942/528
f 944/944/530 945/945/531 943/943/529
f 946/946/530 947/947/531 948/948/532
f 946/946/530 948/948/532 949/949/533
f 942/942/528 950/950/534 948/948/532
f 942/942/528 938/938/524 950/950/534
f 949/949/533 948/948/532 950/950/534
f 949/949/533 950/950/534 951/951/535
f 951/951/535 950/950/534 952/952/536
f 951/951/535 952/952/536 953/953/537
f 954/954/419 955/955/420 956/956/538
f 954/954/419 957/957/454 955/955/420
f 958/958/423 957/957/454 954/954/419
f 958/958/423 959/959/539 957/957/454
f 960/960/458 959/959/539 958/958/423
f 960/960/458 961/961/540 959/959/539
f 962/962/541 961/961/540 960/960/458
f 962/962/541 963/963/428 961/961/540
f 964/964/462 963/963/428 962/962/541
f 964/964/462 965/965/430 963/963/428
f 966/966/431 965/965/430 964/964/462
f 966/966/431 967/967/432 965/965/430
f 968/968/542 967/967/432 966/966/431
f 968/968/542 969/969/452 967/967/432
f 970/970/435 969/969/452 968/968/542
f 970/970/435 971/971/543 969/969/452
f 972/972/467 973/973/543 974/974/438
f 972/972/467 975/975/468 973/973/543
f 976/976/421 975/975/468 972/972/467
f 976/976/421 977/977/420 975/975/468
f 978/978/544 979/979/545 980/980/546
f 978/978/544 981/981/547 979/979/545
f 982/982/548 979/979/545 981/981/547
f 982/982/548 981/981/547 983/983/549
f 984/984/550 985/985/551 986/986/552
f 984/984/550 986/986/552 987/987/553
f 987/987/553 986/986/552 988/988/554
f 987/987/553 988/988/554 989/989/555
f 989/989/555 988/988/554 990/990/556
f 989/989/555 990/990/556 991/991/557
f 992/992/558 993/993/559 994/994/560
f 992/992/558 994/994/560 995/995/561
f 995/995/561 994/994/560 996/996/562
f 995/995/561 996/996/562 997/997/563
f 997/997/563 996/996/562 998/998/564
f 997/997/563 998/998/564 999/999/565
f 999/999/565 998/998/564 1000/1000/566
f 999/999/565 1000/1000/566 1001/1001/567
f 1002/1002/568 1003/1003/569 1004/1004/570
f 1002/1002/568 1004/1004/570 1005/1005/571
f 1005/1005/571 1004/1004/570 1006/1006/572
f 1005/1005/571 1006/1006/572 1007/1007/228
f 1007/1007/228 1006/1006/572 1008/1008/573
f 1007/1007/228 1008/1008/573 1009/1009/574
f 1009/1009/574 1008/1008/573 1010/1010/575
f 1009/1009/574 1010/1010/575 1011/1011/576
f 1011/1011/576 1010/1010/575 1012/1012/577
f 1011/1011/576 1012/1012/577 1013/1013/578
f 1014/1014/579 1015/1015/580 1016/1016/581
f 1014/1014/579 1016/1016/581 1017/1017/582
f 1018/1018/240 1017/1017/582 1016/1016/581
f 1018/1018/240 1016/1016/581 1019/1019/583
f 1018/1018/240 1019/1019/583 1020/1020/584
f 1018/1018/240 1020/1020/584 1021/1021/585
f 1021/1021/585 1020/1020/584 1022/1022/586
f 1021/1021/585 1022/1022/586 1023/1023/587
f 1023/1023/587 1022/1022/586 1024/1024/588
f 1023/1023/587 1024/1024/588 1025/1025/589
f 1026/1026/590 1027/1027/591 1028/1028/592
f 1026/1026/590 1029/1029/593 1027/1027/591
f 1030/1030/594 1029/1029/593 1026/1026/590
f 1030/1030/594 1031/1031/595 1029/1029/593
f 1032/1032/596 1031/1031/595 1030/1030/594
f 1032/1032/596 1033/1033/597 1031/1031/595
f 1034/1034/598 1035/1035/312 1036/1036/599
f 1034/1034/598 1036/1036/599 1037/1037/314
f 1037/1037/314 1036/1036/599 1038/1038/600
f 1037/1037/314 1038/1038/600 1039/1039/601
f 1039/1039/601 1038/1038/600 1040/1040/317
f 1039/1039/601 1040/1040/317 1041/1041/318
f 1041/1041/318 1040/1040/317 1042/1042/319
f 1041/1041/318 1042/1042/319 1043/1043/602
f 1043/1043/602 1042/1042/319 1044/1044/321
f 1043/1043/602 1044/1044/321 1045/1045/322
f 1045/1045/322 1044/1044/321 1046/1046/603
f 1045/1045/322 1046/1046/603 1047/1047/324
f 1047/1047/324 1046/1046/603 1048/1048/604
f 1047/1047/324 1048/1048/604 1049/1049/605
f 1049/1049/605 1048/1048/604 1050/1050/327
f 1049/1049/605 1050/1050/327 1051/1051/606
f 1051/1051/606 1050/1050/327 1052/1052/68
f 1053/1053/607 1052/1052/68 1035/1035/312
f 1053/1053/607 1035/1035/312 1034/1034/598
f 1051/1051/606 1052/1052/68 1053/1053/607
f 1054/1054/608 1055/1055/312 1056/1056/72
f 1054/1054/608 1056/1056/72 1057/1057/314
f 1057/1057/314 1056/1056/72 1058/1058/609
f 1057/1057/314 1058/1058/609 1059/1059/610
f 1059/1059/610 1058/1058/609 1060/1060/317
f 1059/1059/610 1060/1060/317 1061/1061/318
f 1061/1061/318 1060/1060/317 1062/1062/611
f 1061/1061/318 1062/1062/611 1063/1063/612
f 1063/1063/612 1062/1062/611 1064/1064/321
f 1063/1063/612 1064/1064/321 1065/1065/322
f 1065/1065/322 1064/1064/321 1066/1066/613
f 1065/1065/322 1066/1066/613 1067/1067/614
f 1067/1067/614 1066/1066/613 1068/1068/604
f 1067/1067/614 1068/1068/604 1069/1069/326
f 1069/1069/326 1068/1068/604 1070/1070/327
f 1069/1069/326 1070/1070/327 1071/1071/606
f 1071/1071/606 1070/1070/327 1072/1072/329
f 1073/1073/607 1072/1072/329 1055/1055/312
f 1073/1073/607 1055/1055/312 1054/1054/608
f 1071/1071/606 1072/1072/329 1073/1073/607
f 1074/1074/615 1075/1075/616 1076/1076/617
f 1074/1074/615 1076/1076/617 1077/1077/618
f 1078/1078/619 1074/1074/615 1077/1077/618
f 1078/1078/619 1077/1077/618 1079/1079/620
f 1080/1080/621 1078/1078/619 1079/1079/620
f 1080/1080/621 1079/1079/620 1081/1081/622
f 1082/1082/623 1080/1080/621 1081/1081/622
f 1082/1082/623 1081/1081/622 1083/1083/624
f 1084/1084/625 1082/1082/623 1083/1083/624
f 1084/1084/625 1083/1083/624 1085/1085/626
f 1085/1085/626 1083/1083/624 1081/1081/622
f 1086/1086/627 1081/1081/622 1079/1079/620
f 1086/1086/627 1085/1085/626 1081/1081/622
f 1087/1087/628 1079/1079/620 1077/1077/618
f 1087/1087/628 1086/1086/627 1079/1079/620
f 1088/1088/629 1077/1077/618 1076/1076/617
f 1088/1088/629 1087/1087/628 1077/1077/618
f 1088/1088/629 1076/1076/617 1089/1089/630
f 1075/1075/616 1089/1089/630 1076/1076/617
f 1090/1090/631 1084/1084/625 1085/1085/626
f 1090/1090/631 1085/1085/626 1086/1086/627
f 1091/1091/632 1090/1090/631 1086/1086/627
f 1091/1091/632 1086/1086/627 1087/1087/628
f 1092/1092/633 1087/1087/628 1088/1088/629
f 1092/1092/633 1091/1091/632 1087/1087/628
f 1075/1075/616 1093/1093/254 1089/1089/630
f 1093/1093/254 1088/1088/629 1089/1089/630
f 1093/1093/254 1092/1092/633 1088/1088/629
f 1094/1094/634 1095/1095/635 1096/1096/636
f 1094/1094/634 1096/1096/636 1097/1097/637
f 1098/1098/242 1094/1094/634 1097/1097/637
f 1098/1098/242 1097/1097/637 1099/1099/243
f 1100/1100/638 1098/1098/242 1099/1099/243
f 1100/1100/638 1099/1099/243 1101/1101/245
f 1102/1102/246 1100/1100/638 1101/1101/245
f 1102/1102/246 1101/1101/245 1103/1103/247
f 1104/1104/229 1102/1102/246 1103/1103/247
f 1104/1104/229 1103/1103/247 1105/1105/230
f 1106/1106/639 1104/1104/229 1105/1105/230
f 1106/1106/639 1105/1105/230 1107/1107/640
f 1108/1108/641 1106/1106/639 1107/1107/640
f 1108/1108/641 1107/1107/640 1109/1109/233
f 1110/1110/568 1108/1108/641 1109/1109/233
f 1110/1110/568 1109/1109/233 1111/1111/235
f 1112/1112/236 1110/1110/568 1111/1111/235
f 1112/1112/236 1111/1111/235 1113/1113/237
f 1095/1095/635 1112/1112/236 1113/1113/237
f 1095/1095/635 1113/1113/237 1096/1096/636
f 1114/1114/106 1115/1115/18 1116/1116/19
f 1114/1114/106 1117/1117/20 1115/1115/18
f 1118/1118/43 1117/1117/20 1114/1114/106
f 1118/1118/43 1119/1119/301 1117/1117/20
f 1120/1120/13 1119/1119/301 1118/1118/43
f 1120/1120/13 1121/1121/12 1119/1119/301
f 1122/1122/642 1123/1123/643 1124/1124/644
f 1122/1122/642 1124/1124/644 1125/1125/645
f 1125/1125/645 1124/1124/644 1126/1126/646
f 1125/1125/645 1126/1126/646 1127/1127/647
f 1127/1127/647 1126/1126/646 1128/1128/648
f 1127/1127/647 1128/1128/648 1129/1129/649
f 1129/1129/649 1128/1128/648 1130/1130/650
f 1129/1129/649 1130/1130/650 1131/1131/651
f 1131/1131/651 1130/1130/650 1132/1132/652
f 1131/1131/651 1132/1132/652 1133/1133/653
f 1133/1133/653 1132/1132/652 1134/1134/654
f 1133/1133/653 1134/1134/654 1135/1135/655
f 1135/1135/655 1134/1134/654 1136/1136/656
f 1135/1135/655 1136/1136/656 1137/1137/657
f 1137/1137/657 1136/1136/656 1138/1138/658
f 1137/1137/657 1138/1138/658 1139/1139/659
f 1139/1139/659 1138/1138/658 1140/1140/660
f 1139/1139/659 1140/1140/660 1141/1141/661
f 1141/1141/661 1140/1140/660 1142/1142/662
f 1141/1141/661 1142/1142/662 1143/1143/642
f 1143/1143/642 1144/1144/663 1141/1141/661
f 1143/1143/642 1145/1145/664 1144/1144/663
f 1141/1141/661 1146/1146/665 1139/1139/659
f 1141/1141/661 1144/1144/663 1146/1146/665
f 1139/1139/659 1147/1147/666 1137/1137/657
f 1139/1139/659 1146/1146/665 1147/1147/666
f 1137/1137/657 1147/1147/666 1148/1148/667
f 1137/1137/657 1148/1148/667 1135/1135/655
f 1135/1135/655 1149/1149/668 1133/1133/653
f 1135/1135/655 1148/1148/667 1149/1149/668
f 1133/1133/653 1150/1150/669 1131/1131/651
f 1133/1133/653 1149/1149/668 1150/1150/669
f 1131/1131/651 1151/1151/670 1129/1129/649
f 1131/1131/651 1150/1150/669 1151/1151/670
f 1129/1129/649 1152/1152/671 1127/1127/647
f 1129/1129/649 1151/1151/670 1152/1152/671
f 1127/1127/647 1152/1152/671 1153/1153/672
f 1127/1127/647 1153/1153/672 1125/1125/645
f 1125/1125/645 1154/1154/502 1122/1122/642
f 1125/1125/645 1153/1153/672 1154/1154/502
f 1155/1155/123 1156/1156/323 1157/1157/54
f 1155/1155/123 1157/1157/54 1158/1158/53
f 1159/1159/282 1160/1160/673 1161/1161/674
f 1160/1160/673 1162/1162/675 1161/1161/674
f 1160/1160/673 1163/1163/287 1162/1162/675
f 1163/1163/287 1164/1164/288 1162/1162/675
f 1163/1163/287 1165/1165/676 1164/1164/288
f 1161/1161/674 1162/1162/675 1166/1166/677
f 1162/1162/675 1164/1164/288 1166/1166/677
f 1165/1165/676 1166/1166/677 1164/1164/288
f 1165/1165/676 1167/1167/678 1166/1166/677
f 1167/1167/678 1168/1168/679 1166/1166/677
f 1161/1161/674 1166/1166/677 1168/1168/679
f 1167/1167/678 1169/1169/680 1168/1168/679
f 1169/1169/680 1170/1170/681 1168/1168/679
f 1169/1169/680 1171/1171/682 1170/1170/681
f 1171/1171/682 1172/1172/683 1170/1170/681
f 1171/1171/682 1173/1173/684 1172/1172/683
f 1173/1173/684 1174/1174/685 1172/1172/683
f 1173/1173/684 1175/1175/686 1174/1174/685
f 1175/1175/686 1176/1176/687 1174/1174/685
f 1176/1176/687 1170/1170/681 1172/1172/683
f 1176/1176/687 1172/1172/683 1174/1174/685
f 1175/1175/686 1177/1177/688 1176/1176/687
f 1178/1178/689 1168/1168/679 1170/1170/681
f 1178/1178/689 1161/1161/674 1168/1168/679
f 1177/1177/688 1159/1159/282 1178/1178/689
f 1177/1177/688 1178/1178/689 1176/1176/687
f 1176/1176/687 1178/1178/689 1170/1170/681
f 1159/1159/282 1161/1161/674 1178/1178/689
f 1179/1179/19 1180/1180/18 1181/1181/10
f 1179/1179/19 1181/1181/10 1182/1182/31
f 1183/1183/690 1184/1184/691 1185/1185/692
f 1184/1184/691 1186/1186/693 1185/1185/692
f 1184/1184/691 1187/1187/694 1186/1186/693
f 1187/1187/694 1188/1188/695 1186/1186/693
f 1187/1187/694 1189/1189/623 1188/1188/695
f 1189/1189/623 1190/1190/696 1188/1188/695
f 1186/1186/693 1188/1188/695 1190/1190/696
f 1185/1185/692 1186/1186/693 1190/1190/696
f 1189/1189/623 1191/1191/697 1190/1190/696
f 1191/1191/697 1192/1192/698 1190/1190/696
f 1185/1185/692 1190/1190/696 1192/1192/698
f 1191/1191/697 1193/1193/699 1192/1192/698
f 1193/1193/699 1194/1194/700 1192/1192/698
f 1193/1193/699 1195/1195/701 1194/1194/700
f 1195/1195/701 1196/1196/617 1194/1194/700
f 1195/1195/701 1197/1197/702 1196/1196/617
f 1197/1197/702 1198/1198/703 1196/1196/617
f 1197/1197/702 1199/1199/254 1198/1198/703
f 1200/1200/629 1194/1194/700 1196/1196/617
f 1200/1200/629 1196/1196/617 1198/1198/703
f 1199/1199/254 1200/1200/629 1198/1198/703
f 1199/1199/254 1201/1201/269 1200/1200/629
f 1202/1202/704 1192/1192/698 1194/1194/700
f 1202/1202/704 1185/1185/692 1192/1192/698
f 1201/1201/269 1202/1202/704 1200/1200/629
f 1200/1200/629 1202/1202/704 1194/1194/700
f 1201/1201/269 1183/1183/690 1202/1202/704
f 1183/1183/690 1185/1185/692 1202/1202/704
f 1203/1203/9 1204/1204/348 1205/1205/8
f 1203/1203/9 1205/1205/8 1206/1206/7
f 1206/1206/7 1205/1205/8 1207/1207/30
f 1206/1206/7 1207/1207/30 1208/1208/705
f 1208/1208/705 1207/1207/30 1209/1209/364
f 1208/1208/705 1209/1209/364 1210/1210/1
f 1210/1210/1 1209/1209/364 1211/1211/2
f 1210/1210/1 1211/1211/2 1212/1212/15
f 1213/1213/361 1214/1214/348 1215/1215/18
f 1213/1213/361 1215/1215/18 1216/1216/351
f 1216/1216/351 1215/1215/18 1217/1217/352
f 1216/1216/351 1217/1217/352 1218/1218/353
f 1218/1218/353 1217/1217/352 1219/1219/354
f 1218/1218/353 1219/1219/354 1220/1220/355
f 1220/1220/355 1219/1219/354 1221/1221/12
f 1220/1220/355 1221/1221/12 1222/1222/357
f 1222/1222/357 1221/1221/12 1223/1223/105
f 1222/1222/357 1223/1223/105 1224/1224/358
f 1224/1224/358 1223/1223/105 1225/1225/28
f 1224/1224/358 1225/1225/28 1226/1226/273
f 1226/1226/273 1225/1225/28 1227/1227/359
f 1226/1226/273 1227/1227/359 1228/1228/344
f 1228/1228/344 1227/1227/359 1229/1229/80
f 1228/1228/344 1229/1229/80 1230/1230/345
f 1230/1230/345 1229/1229/80 1231/1231/8
f 1232/1232/347 1231/1231/8 1214/1214/348
f 1232/1232/347 1214/1214/348 1213/1213/361
f 1230/1230/345 1231/1231/8 1232/1232/347
f 1233/1233/126 1234/1234/12 1235/1235/23
f 1233/1233/126 1236/1236/105 1234/1234/12
f 1237/1237/15 1236/1236/105 1233/1233/126
f 1237/1237/15 1238/1238/16 1236/1236/105
f 1239/1239/706 1240/1240/707 1241/1241/708
f 1239/1239/706 1241/1241/708 1242/1242/709
f 1243/1243/710 1239/1239/706 1242/1242/709
f 1243/1243/710 1242/1242/709 1244/1244/711
f 1245/1245/712 1243/1243/710 1244/1244/711
f 1245/1245/712 1244/1244/711 1246/1246/713
f 1247/1247/714 1245/1245/712 1246/1246/713
f 1247/1247/714 1246/1246/713 1248/1248/715
f 1249/1249/716 1247/1247/714 1248/1248/715
f 1249/1249/716 1248/1248/715 1250/1250/267
f 1251/1251/258 1249/1249/716 1250/1250/267
f 1251/1251/258 1250/1250/267 1252/1252/259
f 1252/1252/259 1253/1253/717 1251/1251/258
f 1252/1252/259 1254/1254/718 1253/1253/717
f 1255/1255/719 1253/1253/717 1254/1254/718
f 1255/1255/719 1254/1254/718 1256/1256/720
f 1257/1257/721 1255/1255/719 1256/1256/720
f 1257/1257/721 1256/1256/720 1258/1258/355
f 1240/1240/707 1257/1257/721 1258/1258/355
f 1240/1240/707 1258/1258/355 1241/1241/708
f 1259/1259/19 1260/1260/18 1261/1261/10
f 1259/1259/19 1261/1261/10 1262/1262/31
f 1263/1263/632 1264/1264/722 1265/1265/723
f 1264/1264/722 1266/1266/626 1265/1265/723
f 1264/1264/722 1267/1267/724 1266/1266/626
f 1267/1267/724 1268/1268/624 1266/1266/626
f 1267/1267/724 1269/1269/623 1268/1268/624
f 1265/1265/723 1266/1266/626 1270/1270/622
f 1266/1266/626 1268/1268/624 1270/1270/622
f 1269/1269/623 1270/1270/622 1268/1268/624
f 1269/1269/623 1271/1271/725 1270/1270/622
f 1265/1265/723 1270/1270/622 1272/1272/620
f 1271/1271/725 1272/1272/620 1270/1270/622
f 1271/1271/725 1273/1273/726 1272/1272/620
f 1273/1273/726 1274/1274/727 1272/1272/620
f 1273/1273/726 1275/1275/728 1274/1274/727
f 1275/1275/728 1276/1276/617 1274/1274/727
f 1275/1275/728 1277/1277/616 1276/1276/617
f 1277/1277/616 1278/1278/630 1276/1276/617
f 1277/1277/616 1279/1279/254 1278/1278/630
f 1279/1279/254 1280/1280/629 1278/1278/630
f 1280/1280/629 1274/1274/727 1276/1276/617
f 1280/1280/629 1276/1276/617 1278/1278/630
f 1279/1279/254 1281/1281/729 1280/1280/629
f 1280/1280/629 1282/1282/730 1274/1274/727
f 1282/1282/730 1272/1272/620 1274/1274/727
f 1282/1282/730 1265/1265/723 1272/1272/620
f 1281/1281/729 1263/1263/632 1282/1282/730
f 1281/1281/729 1282/1282/730 1280/1280/629
f 1263/1263/632 1265/1265/723 1282/1282/730
f 1283/1283/19 1284/1284/18 1285/1285/10
f 1283/1283/19 1285/1285/10 1286/1286/31
f 1287/1287/731 1288/1288/732 1289/1289/733
f 1287/1287/731 1289/1289/733 1290/1290/734
f 1287/1287/731 1290/1290/734 1291/1291/735
f 1287/1287/731 1291/1291/735 1292/1292/736
f 1291/1291/735 1293/1293/737 1292/1292/736
f 1291/1291/735 1294/1294/738 1293/1293/737
f 1294/1294/738 1295/1295/739 1293/1293/737
f 1294/1294/738 1296/1296/740 1295/1295/739
f 1296/1296/740 1297/1297/741 1295/1295/739
f 1296/1296/740 1298/1298/742 1297/1297/741
f 1298/1298/742 1299/1299/743 1300/1300/744
f 1298/1298/742 1300/1300/744 1297/1297/741
f 1297/1297/741 1300/1300/744 1301/1301/745
f 1295/1295/739 1297/1297/741 1302/1302/746
f 1297/1297/741 1301/1301/745 1302/1302/746
f 1293/1293/737 1295/1295/739 1303/1303/747
f 1295/1295/739 1302/1302/746 1303/1303/747
f 1292/1292/736 1293/1293/737 1304/1304/748
f 1293/1293/737 1303/1303/747 1304/1304/748
f 1292/1292/736 1304/1304/748 1305/1305/749
f 1305/1305/749 1287/1287/731 1292/1292/736
f 1305/1305/749 1306/1306/750 1287/1287/731
f 1287/1287/731 1307/1307/751 1288/1288/732
f 1287/1287/731 1306/1306/750 1307/1307/751
f 1288/1288/732 1307/1307/751 1308/1308/752
f 1309/1309/753 1289/1289/733 1288/1288/732
f 1288/1288/732 1308/1308/752 1309/1309/753
f 1309/1309/753 1310/1310/754 1289/1289/733
f 1311/1311/755 1312/1312/756 1313/1313/757
f 1312/1312/756 1311/1311/755 1314/1314/758
f 1310/1310/754 1315/1315/759 1311/1311/755
f 1310/1310/754 1309/1309/753 1315/1315/759
f 1315/1315/759 1309/1309/753 1308/1308/752
f 1314/1314/758 1311/1311/755 1315/1315/759
f 1315/1315/759 1308/1308/752 1316/1316/760
f 1315/1315/759 1316/1316/760 1317/1317/761
f 1314/1314/758 1315/1315/759 1317/1317/761
f 1317/1317/761 1316/1316/760 1318/1318/762
f 1317/1317/761 1319/1319/763 1314/1314/758
f 1317/1317/761 1320/1320/764 1319/1319/763
f 1321/1321/765 1322/1322/766 1323/1323/767
f 1321/1321/765 1324/1324/768 1322/1322/766
f 1325/1325/769 1322/1322/766 1324/1324/768
f 1325/1325/769 1324/1324/768 1326/1326/770
f 1327/1327/771 1325/1325/769 1326/1326/770
f 1327/1327/771 1326/1326/770 1328/1328/772
f 1329/1329/773 1327/1327/771 1328/1328/772
f 1329/1329/773 1328/1328/772 1330/1330/774
f 1330/1330/774 1331/1331/775 1329/1329/773
f 1330/1330/774 1332/1332/776 1331/1331/775
f 1332/1332/776 1333/1333/777 1331/1331/775
f 1332/1332/776 1334/1334/778 1333/1333/777
f 1334/1334/778 1335/1335/779 1333/1333/777
f 1334/1334/778 1336/1336/780 1335/1335/779
f 1336/1336/780 1337/1337/781 1335/1335/779
f 1336/1336/780 1338/1338/782 1337/1337/781
f 1339/1339/783 1340/1340/784 1341/1341/785
f 1339/1339/783 1342/1342/786 1340/1340/784
f 1339/1339/783 1343/1343/787 1342/1342/786
f 1344/1344/788 1345/1345/789 1346/1346/790
f 1345/1345/789 1347/1347/791 1346/1346/790
f 1345/1345/789 1348/1348/792 1347/1347/791
f 1347/1347/791 1348/1348/792 1349/1349/793
f 1347/1347/791 1349/1349/793 1350/1350/794
f 1351/1351/795 1347/1347/791 1350/1350/794
f 1351/1351/795 1352/1352/796 1347/1347/791
f 1346/1346/790 1347/1347/791 1352/1352/796
f 1346/1346/790 1352/1352/796 1353/1353/797
f 1344/1344/788 1346/1346/790 1354/1354/798
f 1354/1354/798 1346/1346/790 1353/1353/797
f 1344/1344/788 1354/1354/798 1355/1355/799
f 1344/1344/788 1355/1355/799 1356/1356/800
f 1355/1355/799 1357/1357/801 1356/1356/800
f 1358/1358/802 1341/1341/785 1357/1357/801
f 1355/1355/799 1358/1358/802 1357/1357/801
f 1358/1358/802 1359/1359/803 1341/1341/785
f 1339/1339/783 1341/1341/785 1359/1359/803
f 1360/1360/804 1343/1343/787 1339/1339/783
f 1360/1360/804 1339/1339/783 1359/1359/803
f 1360/1360/804 1361/1361/805 1343/1343/787
f 1354/1354/798 1353/1353/797 1362/1362/806
f 1354/1354/798 1363/1363/807 1355/1355/799
f 1363/1363/807 1358/1358/802 1355/1355/799
f 1354/1354/798 1362/1362/806 1363/1363/807
f 1363/1363/807 1364/1364/808 1358/1358/802
f 1365/1365/809 1358/1358/802 1364/1364/808
f 1365/1365/809 1359/1359/803 1358/1358/802
f 1360/1360/804 1359/1359/803 1365/1365/809
f 1366/1366/810 1367/1367/811 1368/1368/812
f 1366/1366/810 1368/1368/812 1369/1369/813
f 1369/1369/813 1368/1368/812 1370/1370/231
f 1369/1369/813 1370/1370/231 1371/1371/814
f 1371/1371/814 1370/1370/231 1372/1372/815
f 1371/1371/814 1372/1372/815 1373/1373/816
f 1373/1373/816 1372/1372/815 1374/1374/817
f 1373/1373/816 1374/1374/817 1375/1375/818
f 1375/1375/818 1374/1374/817 1376/1376/245
f 1375/1375/818 1376/1376/245 1377/1377/819
f 1377/1377/819 1376/1376/245 1378/1378/820
f 1377/1377/819 1378/1378/820 1379/1379/821
f 1379/1379/821 1380/1380/822 1377/1377/819
f 1379/1379/821 1381/1381/823 1380/1380/822
f 1369/1369/813 1382/1382/824 1366/1366/810
f 1369/1369/813 1383/1383/825 1382/1382/824
f 1371/1371/814 1383/1383/825 1369/1369/813
f 1373/1373/816 1384/1384/826 1371/1371/814
f 1371/1371/814 1384/1384/826 1383/1383/825
f 1375/1375/818 1385/1385/827 1373/1373/816
f 1373/1373/816 1385/1385/827 1384/1384/826
f 1377/1377/819 1386/1386/828 1375/1375/818
f 1377/1377/819 1380/1380/822 1386/1386/828
f 1375/1375/818 1386/1386/828 1385/1385/827
f 1387/1387/829 1388/1388/824 1389/1389/656
f 1387/1387/829 1389/1389/656 1390/1390/830
f 1390/1390/830 1389/1389/656 1391/1391/831
f 1390/1390/830 1391/1391/831 1392/1392/832
f 1392/1392/832 1391/1391/831 1393/1393/833
f 1392/1392/832 1393/1393/833 1394/1394/834
f 1394/1394/834 1393/1393/833 1395/1395/835
f 1394/1394/834 1395/1395/835 1396/1396/836
f 1396/1396/836 1397/1397/637 1394/1394/834
f 1396/1396/836 1398/1398/820 1397/1397/637
f 1390/1390/830 1399/1399/837 1387/1387/829
f 1392/1392/832 1400/1400/838 1390/1390/830
f 1390/1390/830 1400/1400/838 1399/1399/837
f 1394/1394/834 1401/1401/239 1392/1392/832
f 1394/1394/834 1397/1397/637 1401/1401/239
f 1392/1392/832 1401/1401/239 1400/1400/838
f 1402/1402/706 1403/1403/839 1404/1404/840
f 1402/1402/706 1404/1404/840 1405/1405/709
f 1406/1406/710 1402/1402/706 1405/1405/709
f 1406/1406/710 1405/1405/709 1407/1407/711
f 1408/1408/841 1406/1406/710 1407/1407/711
f 1408/1408/841 1407/1407/711 1409/1409/842
f 1410/1410/714 1408/1408/841 1409/1409/842
f 1410/1410/714 1409/1409/842 1411/1411/843
f 1412/1412/256 1410/1410/714 1411/1411/843
f 1412/1412/256 1411/1411/843 1413/1413/257
f 1414/1414/844 1412/1412/256 1413/1413/257
f 1414/1414/844 1413/1413/257 1415/1415/845
f 1415/1415/845 1416/1416/717 1414/1414/844
f 1415/1415/845 1417/1417/718 1416/1416/717
f 1418/1418/724 1416/1416/717 1417/1417/718
f 1418/1418/724 1417/1417/718 1419/1419/846
f 1420/1420/264 1418/1418/724 1419/1419/846
f 1403/1403/839 1420/1420/264 1421/1421/847
f 1403/1403/839 1421/1421/847 1404/1404/840
f 1420/1420/264 1419/1419/846 1421/1421/847
f 1422/1422/19 1423/1423/18 1424/1424/10
f 1422/1422/19 1424/1424/10 1425/1425/31
f 1426/1426/632 1427/1427/722 1428/1428/723
f 1427/1427/722 1429/1429/693 1428/1428/723
f 1427/1427/722 1430/1430/724 1429/1429/693
f 1430/1430/724 1431/1431/848 1429/1429/693
f 1430/1430/724 1432/1432/623 1431/1431/848
f 1432/1432/623 1433/1433/849 1431/1431/848
f 1429/1429/693 1431/1431/848 1433/1433/849
f 1428/1428/723 1429/1429/693 1433/1433/849
f 1432/1432/623 1434/1434/621 1433/1433/849
f 1434/1434/621 1435/1435/850 1433/1433/849
f 1428/1428/723 1433/1433/849 1435/1435/850
f 1434/1434/621 1436/1436/726 1435/1435/850
f 1436/1436/726 1437/1437/851 1435/1435/850
f 1436/1436/726 1438/1438/852 1437/1437/851
f 1438/1438/852 1439/1439/853 1437/1437/851
f 1438/1438/852 1440/1440/854 1439/1439/853
f 1440/1440/854 1441/1441/855 1439/1439/853
f 1440/1440/854 1442/1442/856 1441/1441/855
f 1443/1443/857 1437/1437/851 1439/1439/853
f 1443/1443/857 1439/1439/853 1441/1441/855
f 1442/1442/856 1443/1443/857 1441/1441/855
f 1442/1442/856 1444/1444/858 1443/1443/857
f 1445/1445/730 1435/1435/850 1437/1437/851
f 1445/1445/730 1428/1428/723 1435/1435/850
f 1426/1426/632 1428/1428/723 1445/1445/730
f 1444/1444/858 1426/1426/632 1445/1445/730
f 1444/1444/858 1445/1445/730 1443/1443/857
f 1443/1443/857 1445/1445/730 1437/1437/851
f 1446/1446/19 1447/1447/18 1448/1448/10
f 1446/1446/19 1448/1448/10 1449/1449/31
f 1450/1450/632 1451/1451/631 1452/1452/723
f 1451/1451/631 1453/1453/626 1452/1452/723
f 1451/1451/631 1454/1454/625 1453/1453/626
f 1454/1454/625 1455/1455/624 1453/1453/626
f 1454/1454/625 1456/1456/623 1455/1455/624
f 1456/1456/623 1457/1457/622 1455/1455/624
f 1452/1452/723 1453/1453/626 1457/1457/622
f 1453/1453/626 1455/1455/624 1457/1457/622
f 1456/1456/623 1458/1458/859 1457/1457/622
f 1458/1458/859 1459/1459/620 1457/1457/622
f 1452/1452/723 1457/1457/622 1459/1459/620
f 1458/1458/859 1460/1460/699 1459/1459/620
f 1460/1460/699 1461/1461/727 1459/1459/620
f 1460/1460/699 1462/1462/860 1461/1461/727
f 1462/1462/860 1463/1463/617 1461/1461/727
f 1462/1462/860 1464/1464/861 1463/1463/617
f 1464/1464/861 1465/1465/703 1463/1463/617
f 1464/1464/861 1466/1466/254 1465/1465/703
f 1467/1467/629 1463/1463/617 1465/1465/703
f 1466/1466/254 1467/1467/629 1465/1465/703
f 1467/1467/629 1461/1461/727 1463/1463/617
f 1466/1466/254 1468/1468/858 1467/1467/629
f 1469/1469/730 1459/1459/620 1461/1461/727
f 1469/1469/730 1452/1452/723 1459/1459/620
f 1450/1450/632 1452/1452/723 1469/1469/730
f 1468/1468/858 1469/1469/730 1467/1467/629
f 1468/1468/858 1450/1450/632 1469/1469/730
f 1467/1467/629 1469/1469/730 1461/1461/727
f 1470/1470/862 1471/1471/863 1472/1472/864
f 1470/1470/862 1473/1473/865 1471/1471/863
f 1473/1473/865 1474/1474/128 1471/1471/863
f 1473/1473/865 1475/1475/127 1474/1474/128
f 1476/1476/866 1475/1475/127 1473/1473/865
f 1476/1476/866 1477/1477/867 1475/1475/127
f 1478/1478/132 1477/1477/867 1476/1476/866
f 1479/1479/868 1473/1473/865 1470/1470/862
f 1479/1479/868 1476/1476/866 1473/1473/865
f 1478/1478/132 1476/1476/866 1479/1479/868
f 1480/1480/706 1481/1481/869 1482/1482/249
f 1480/1480/706 1482/1482/249 1483/1483/709
f 1484/1484/274 1480/1480/706 1483/1483/709
f 1484/1484/274 1483/1483/709 1485/1485/870
f 1486/1486/871 1484/1484/274 1485/1485/870
f 1486/1486/871 1485/1485/870 1487/1487/872
f 1488/1488/873 1486/1486/871 1487/1487/872
f 1488/1488/873 1487/1487/872 1489/1489/874
f 1490/1490/875 1488/1488/873 1489/1489/874
f 1490/1490/875 1489/1489/874 1491/1491/220
f 1492/1492/876 1490/1490/875 1491/1491/220
f 1492/1492/876 1491/1491/220 1493/1493/259
f 1493/1493/259 1494/1494/877 1492/1492/876
f 1493/1493/259 1495/1495/878 1494/1494/877
f 1496/1496/879 1494/1494/877 1495/1495/878
f 1496/1496/879 1495/1495/878 1497/1497/279
f 1498/1498/880 1496/1496/879 1497/1497/279
f 1498/1498/880 1497/1497/279 1499/1499/881
f 1481/1481/869 1498/1498/880 1499/1499/881
f 1481/1481/869 1499/1499/881 1482/1482/249
f 1500/1500/19 1501/1501/18 1502/1502/10
f 1500/1500/19 1502/1502/10 1503/1503/31
f 1504/1504/419 1505/1505/420 1506/1506/421
f 1504/1504/419 1507/1507/882 1505/1505/420
f 1508/1508/423 1507/1507/882 1504/1504/419
f 1508/1508/423 1509/1509/424 1507/1507/882
f 1510/1510/883 1509/1509/424 1508/1508/423
f 1510/1510/883 1511/1511/426 1509/1509/424
f 1512/1512/884 1511/1511/426 1510/1510/883
f 1512/1512/884 1513/1513/461 1511/1511/426
f 1514/1514/462 1513/1513/461 1512/1512/884
f 1514/1514/462 1515/1515/463 1513/1513/461
f 1516/1516/431 1515/1515/463 1514/1514/462
f 1516/1516/431 1517/1517/885 1515/1515/463
f 1518/1518/451 1517/1517/885 1516/1516/431
f 1518/1518/451 1519/1519/886 1517/1517/885
f 1520/1520/435 1519/1519/886 1518/1518/451
f 1520/1520/435 1521/1521/436 1519/1519/886
f 1522/1522/441 1523/1523/436 1524/1524/442
f 1522/1522/441 1525/1525/439 1523/1523/436
f 1526/1526/421 1525/1525/439 1522/1522/441
f 1526/1526/421 1527/1527/440 1525/1525/439
f 1528/1528/887 1529/1529/869 1530/1530/249
f 1528/1528/887 1530/1530/249 1531/1531/212
f 1532/1532/888 1528/1528/887 1531/1531/212
f 1532/1532/888 1531/1531/212 1533/1533/889
f 1534/1534/890 1532/1532/888 1533/1533/889
f 1534/1534/890 1533/1533/889 1535/1535/891
f 1536/1536/892 1534/1534/890 1535/1535/891
f 1536/1536/892 1535/1535/891 1537/1537/843
f 1538/1538/893 1536/1536/892 1537/1537/843
f 1538/1538/893 1537/1537/843 1539/1539/257
f 1540/1540/894 1538/1538/893 1539/1539/257
f 1540/1540/894 1539/1539/257 1541/1541/845
f 1541/1541/845 1542/1542/895 1540/1540/894
f 1541/1541/845 1543/1543/896 1542/1542/895
f 1544/1544/280 1542/1542/895 1543/1543/896
f 1544/1544/280 1543/1543/896 1545/1545/279
f 1546/1546/623 1544/1544/280 1545/1545/279
f 1529/1529/869 1546/1546/623 1547/1547/355
f 1529/1529/869 1547/1547/355 1530/1530/249
f 1546/1546/623 1545/1545/279 1547/1547/355
f 1548/1548/19 1549/1549/18 1550/1550/10
f 1548/1548/19 1550/1550/10 1551/1551/31
f 1552/1552/258 1553/1553/897 1554/1554/692
f 1553/1553/897 1555/1555/693 1554/1554/692
f 1553/1553/897 1556/1556/625 1555/1555/693
f 1556/1556/625 1557/1557/695 1555/1555/693
f 1556/1556/625 1558/1558/623 1557/1557/695
f 1558/1558/623 1559/1559/696 1557/1557/695
f 1554/1554/692 1555/1555/693 1559/1559/696
f 1555/1555/693 1557/1557/695 1559/1559/696
f 1558/1558/623 1560/1560/898 1559/1559/696
f 1554/1554/692 1559/1559/696 1561/1561/899
f 1560/1560/898 1561/1561/899 1559/1559/696
f 1560/1560/898 1562/1562/619 1561/1561/899
f 1562/1562/619 1563/1563/727 1561/1561/899
f 1562/1562/619 1564/1564/701 1563/1563/727
f 1564/1564/701 1565/1565/900 1563/1563/727
f 1564/1564/701 1566/1566/616 1565/1565/900
f 1566/1566/616 1567/1567/703 1565/1565/900
f 1566/1566/616 1568/1568/901 1567/1567/703
f 1569/1569/902 1563/1563/727 1565/1565/900
f 1569/1569/902 1565/1565/900 1567/1567/703
f 1568/1568/901 1569/1569/902 1567/1567/703
f 1568/1568/901 1570/1570/633 1569/1569/902
f 1571/1571/730 1561/1561/899 1563/1563/727
f 1571/1571/730 1554/1554/692 1561/1561/899
f 1570/1570/633 1571/1571/730 1569/1569/902
f 1570/1570/633 1552/1552/258 1571/1571/730
f 1569/1569/902 1571/1571/730 1563/1563/727
f 1552/1552/258 1554/1554/692 1571/1571/730
f 1572/1572/419 1573/1573/420 1574/1574/421
f 1572/1572/419 1575/1575/422 1573/1573/420
f 1576/1576/423 1575/1575/422 1572/1572/419
f 1576/1576/423 1577/1577/424 1575/1575/422
f 1578/1578/425 1577/1577/424 1576/1576/423
f 1578/1578/425 1579/1579/426 1577/1577/424
f 1580/1580/449 1579/1579/426 1578/1578/425
f 1580/1580/449 1581/1581/428 1579/1579/426
f 1582/1582/429 1581/1581/428 1580/1580/449
f 1582/1582/429 1583/1583/903 1581/1581/428
f 1584/1584/431 1583/1583/903 1582/1582/429
f 1584/1584/431 1585/1585/432 1583/1583/903
f 1586/1586/451 1585/1585/432 1584/1584/431
f 1586/1586/451 1587/1587/452 1585/1585/432
f 1588/1588/435 1587/1587/452 1586/1586/451
f 1588/1588/435 1589/1589/436 1587/1587/452
f 1590/1590/441 1591/1591/436 1592/1592/904
f 1590/1590/441 1593/1593/905 1591/1591/436
f 1594/1594/421 1593/1593/905 1590/1590/441
f 1594/1594/421 1595/1595/440 1593/1593/905
f 1596/1596/706 1597/1597/906 1598/1598/907
f 1596/1596/706 1598/1598/907 1599/1599/709
f 1600/1600/274 1596/1596/706 1599/1599/709
f 1600/1600/274 1599/1599/709 1601/1601/711
f 1602/1602/908 1600/1600/274 1601/1601/711
f 1602/1602/908 1601/1601/711 1603/1603/713
f 1604/1604/217 1602/1602/908 1603/1603/713
f 1604/1604/217 1603/1603/713 1605/1605/909
f 1606/1606/910 1604/1604/217 1605/1605/909
f 1606/1606/910 1605/1605/909 1607/1607/911
f 1608/1608/912 1606/1606/910 1607/1607/911
f 1608/1608/912 1607/1607/911 1609/1609/259
f 1609/1609/259 1610/1610/717 1608/1608/912
f 1609/1609/259 1611/1611/896 1610/1610/717
f 1612/1612/625 1610/1610/717 1611/1611/896
f 1612/1612/625 1611/1611/896 1613/1613/279
f 1614/1614/264 1612/1612/625 1613/1613/279
f 1597/1597/906 1614/1614/264 1615/1615/265
f 1597/1597/906 1615/1615/265 1598/1598/907
f 1614/1614/264 1613/1613/279 1615/1615/265
f 1616/1616/19 1617/1617/18 1618/1618/10
f 1616/1616/19 1618/1618/10 1619/1619/31
f 1620/1620/632 1621/1621/631 1622/1622/723
f 1621/1621/631 1623/1623/693 1622/1622/723
f 1621/1621/631 1624/1624/625 1623/1623/693
f 1624/1624/625 1625/1625/848 1623/1623/693
f 1624/1624/625 1626/1626/623 1625/1625/848
f 1626/1626/623 1627/1627/696 1625/1625/848
f 1623/1623/693 1625/1625/848 1627/1627/696
f 1622/1622/723 1623/1623/693 1627/1627/696
f 1626/1626/623 1628/1628/725 1627/1627/696
f 1622/1622/723 1627/1627/696 1629/1629/850
f 1628/1628/725 1629/1629/850 1627/1627/696
f 1628/1628/725 1630/1630/913 1629/1629/850
f 1630/1630/913 1631/1631/914 1629/1629/850
f 1630/1630/913 1632/1632/615 1631/1631/914
f 1632/1632/615 1633/1633/617 1631/1631/914
f 1632/1632/615 1634/1634/616 1633/1633/617
f 1634/1634/616 1635/1635/915 1633/1633/617
f 1634/1634/616 1636/1636/892 1635/1635/915
f 1636/1636/892 1637/1637/916 1635/1635/915
f 1637/1637/916 1631/1631/914 1633/1633/617
f 1637/1637/916 1633/1633/617 1635/1635/915
f 1636/1636/892 1638/1638/917 1637/1637/916
f 1639/1639/918 1629/1629/850 1631/1631/914
f 1639/1639/918 1622/1622/723 1629/1629/850
f 1638/1638/917 1620/1620/632 1639/1639/918
f 1638/1638/917 1639/1639/918 1637/1637/916
f 1637/1637/916 1639/1639/918 1631/1631/914
f 1620/1620/632 1622/1622/723 1639/1639/918
f 1640/1640/578 1641/1641/919 1642/1642/920
f 1640/1640/578 1642/1642/920 1643/1643/921
f 1644/1644/634 1643/1643/921 1642/1642/920
f 1644/1644/634 1642/1642/920 1645/1645/922
f 1644/1644/634 1645/1645/922 1646/1646/923
f 1644/1644/634 1646/1646/923 1647/1647/924
f 1647/1647/924 1646/1646/923 1648/1648/925
f 1647/1647/924 1648/1648/925 1649/1649/926
f 1649/1649/926 1648/1648/925 1650/1650/927
f 1649/1649/926 1650/1650/927 1651/1651/928
f 1652/1652/19 1653/1653/18 1654/1654/10
f 1652/1652/19 1654/1654/10 1655/1655/31
f 1656/1656/690 1657/1657/691 1658/1658/692
f 1657/1657/691 1659/1659/626 1658/1658/692
f 1657/1657/691 1660/1660/929 1659/1659/626
f 1660/1660/929 1661/1661/848 1659/1659/626
f 1660/1660/929 1662/1662/623 1661/1661/848
f 1659/1659/626 1661/1661/848 1663/1663/696
f 1658/1658/692 1659/1659/626 1663/1663/696
f 1662/1662/623 1663/1663/696 1661/1661/848
f 1662/1662/623 1664/1664/898 1663/1663/696
f 1664/1664/898 1665/1665/698 1663/1663/696
f 1658/1658/692 1663/1663/696 1665/1665/698
f 1664/1664/898 1666/1666/930 1665/1665/698
f 1666/1666/930 1667/1667/931 1665/1665/698
f 1666/1666/930 1668/1668/274 1667/1667/931
f 1668/1668/274 1669/1669/932 1667/1667/931
f 1668/1668/274 1670/1670/616 1669/1669/932
f 1670/1670/616 1671/1671/703 1669/1669/932
f 1670/1670/616 1672/1672/901 1671/1671/703
f 1673/1673/857 1667/1667/931 1669/1669/932
f 1673/1673/857 1669/1669/932 1671/1671/703
f 1672/1672/901 1673/1673/857 1671/1671/703
f 1672/1672/901 1674/1674/269 1673/1673/857
f 1675/1675/730 1665/1665/698 1667/1667/931
f 1675/1675/730 1658/1658/692 1665/1665/698
f 1674/1674/269 1656/1656/690 1675/1675/730
f 1674/1674/269 1675/1675/730 1673/1673/857
f 1673/1673/857 1675/1675/730 1667/1667/931
f 1656/1656/690 1658/1658/692 1675/1675/730
f 1676/1676/419 1677/1677/933 1678/1678/421
f 1676/1676/419 1679/1679/454 1677/1677/933
f 1680/1680/446 1679/1679/454 1676/1676/419
f 1680/1680/446 1681/1681/424 1679/1679/454
f 1682/1682/425 1681/1681/424 1680/1680/446
f 1682/1682/425 1683/1683/934 1681/1681/424
f 1684/1684/449 1683/1683/934 1682/1682/425
f 1684/1684/449 1685/1685/428 1683/1683/934
f 1686/1686/429 1685/1685/428 1684/1684/449
f 1686/1686/429 1687/1687/903 1685/1685/428
f 1688/1688/431 1687/1687/903 1686/1686/429
f 1688/1688/431 1689/1689/432 1687/1687/903
f 1690/1690/542 1689/1689/432 1688/1688/431
f 1690/1690/542 1691/1691/452 1689/1689/432
f 1692/1692/453 1691/1691/452 1690/1690/542
f 1692/1692/453 1693/1693/436 1691/1691/452
f 1694/1694/437 1695/1695/436 1696/1696/438
f 1694/1694/437 1697/1697/935 1695/1695/436
f 1698/1698/421 1697/1697/935 1694/1694/437
f 1698/1698/421 1699/1699/440 1697/1697/935
f 1700/1700/706 1701/1701/906 1702/1702/907
f 1700/1700/706 1702/1702/907 1703/1703/709
f 1704/1704/274 1700/1700/706 1703/1703/709
f 1704/1704/274 1703/1703/709 1705/1705/711
f 1706/1706/936 1704/1704/274 1705/1705/711
f 1706/1706/936 1705/1705/711 1707/1707/891
f 1708/1708/270 1706/1706/936 1707/1707/891
f 1708/1708/270 1707/1707/891 1709/1709/255
f 1710/1710/716 1708/1708/270 1709/1709/255
f 1710/1710/716 1709/1709/255 1711/1711/911
f 1712/1712/876 1710/1710/716 1711/1711/911
f 1712/1712/876 1711/1711/911 1713/1713/259
f 1713/1713/259 1714/1714/717 1712/1712/876
f 1713/1713/259 1715/1715/896 1714/1714/717
f 1716/1716/280 1714/1714/717 1715/1715/896
f 1716/1716/280 1715/1715/896 1717/1717/279
f 1718/1718/264 1716/1716/280 1717/1717/279
f 1718/1718/264 1717/1717/279 1719/1719/265
f 1701/1701/906 1718/1718/264 1719/1719/265
f 1701/1701/906 1719/1719/265 1702/1702/907
f 1720/1720/19 1721/1721/18 1722/1722/10
f 1720/1720/19 1722/1722/10 1723/1723/31
f 1724/1724/632 1725/1725/722 1726/1726/937
f 1725/1725/722 1727/1727/693 1726/1726/937
f 1725/1725/722 1728/1728/625 1727/1727/693
f 1728/1728/625 1729/1729/848 1727/1727/693
f 1728/1728/625 1730/1730/623 1729/1729/848
f 1726/1726/937 1727/1727/693 1731/1731/696
f 1727/1727/693 1729/1729/848 1731/1731/696
f 1730/1730/623 1731/1731/696 1729/1729/848
f 1730/1730/623 1732/1732/898 1731/1731/696
f 1732/1732/898 1733/1733/850 1731/1731/696
f 1726/1726/937 1731/1731/696 1733/1733/850
f 1732/1732/898 1734/1734/913 1733/1733/850
f 1734/1734/913 1735/1735/914 1733/1733/850
f 1734/1734/913 1736/1736/938 1735/1735/914
f 1736/1736/938 1737/1737/900 1735/1735/914
f 1736/1736/938 1738/1738/939 1737/1737/900
f 1738/1738/939 1739/1739/703 1737/1737/900
f 1738/1738/939 1740/1740/254 1739/1739/703
f 1741/1741/940 1735/1735/914 1737/1737/900
f 1741/1741/940 1737/1737/900 1739/1739/703
f 1740/1740/254 1741/1741/940 1739/1739/703
f 1740/1740/254 1742/1742/858 1741/1741/940
f 1743/1743/704 1733/1733/850 1735/1735/914
f 1743/1743/704 1726/1726/937 1733/1733/850
f 1742/1742/858 1724/1724/632 1743/1743/704
f 1742/1742/858 1743/1743/704 1741/1741/940
f 1741/1741/940 1743/1743/704 1735/1735/914
f 1724/1724/632 1726/1726/937 1743/1743/704
f 1744/1744/941 1745/1745/942 1746/1746/943
f 1744/1744/941 1746/1746/943 1747/1747/944
f 1748/1748/146 1749/1749/945 1750/1750/946
f 1748/1748/146 1750/1750/946 1751/1751/947
f 1752/1752/148 1748/1748/146 1751/1751/947
f 1752/1752/148 1753/1753/948 1748/1748/146
f 1754/1754/949 1753/1753/948 1752/1752/148
f 1754/1754/949 1752/1752/148 1755/1755/950
f 1756/1756/951 1754/1754/949 1755/1755/950
f 1756/1756/951 1755/1755/950 1757/1757/153
f 1758/1758/154 1756/1756/951 1757/1757/153
f 1758/1758/154 1757/1757/153 1759/1759/952
f 1760/1760/953 1758/1758/154 1759/1759/952
f 1760/1760/953 1761/1761/954 1758/1758/154
f 1762/1762/955 1761/1761/954 1760/1760/953
f 1762/1762/955 1763/1763/956 1761/1761/954
f 1764/1764/957 1763/1763/956 1762/1762/955
f 1764/1764/957 1765/1765/958 1763/1763/956
f 1766/1766/162 1765/1765/958 1764/1764/957
f 1766/1766/162 1767/1767/959 1765/1765/958
f 1768/1768/960 1769/1769/961 1770/1770/962
f 1768/1768/960 1770/1770/962 1771/1771/963
f 1772/1772/964 1768/1768/960 1771/1771/963
f 1772/1772/964 1771/1771/963 1773/1773/965
f 1749/1749/945 1772/1772/964 1773/1773/965
f 1749/1749/945 1773/1773/965 1750/1750/946
f 1774/1774/966 1775/1775/967 1776/1776/968
f 1774/1774/966 1776/1776/968 1777/1777/969
f 1777/1777/969 1776/1776/968 1778/1778/970
f 1777/1777/969 1778/1778/970 1779/1779/971
f 1779/1779/971 1778/1778/970 1780/1780/972
f 1779/1779/971 1780/1780/972 1781/1781/973
f 1781/1781/973 1780/1780/972 1782/1782/974
f 1781/1781/973 1782/1782/974 1783/1783/975
f 1783/1783/975 1782/1782/974 1784/1784/976
f 1783/1783/975 1784/1784/976 1785/1785/977
f 1785/1785/977 1784/1784/976 1786/1786/978
f 1785/1785/977 1786/1786/978 1787/1787/979
f 1787/1787/979 1788/1788/980 1785/1785/977
f 1787/1787/979 1789/1789/981 1788/1788/980
f 1777/1777/969 1790/1790/982 1774/1774/966
f 1779/1779/971 1791/1791/983 1777/1777/969
f 1777/1777/969 1791/1791/983 1790/1790/982
f 1781/1781/973 1792/1792/984 1779/1779/971
f 1779/1779/971 1792/1792/984 1791/1791/983
f 1783/1783/975 1793/1793/985 1781/1781/973
f 1781/1781/973 1793/1793/985 1792/1792/984
f 1783/1783/975 1794/1794/986 1793/1793/985
f 1785/1785/977 1794/1794/986 1783/1783/975
f 1785/1785/977 1788/1788/980 1794/1794/986
f 1795/1795/987 1796/1796/988 1797/1797/989
f 1795/1795/987 1797/1797/989 1798/1798/990
f 1798/1798/990 1797/1797/989 1799/1799/991
f 1798/1798/990 1799/1799/991 1800/1800/992
f 1800/1800/992 1799/1799/991 1801/1801/993
f 1800/1800/992 1801/1801/993 1802/1802/994
f 1802/1802/994 1801/1801/993 1803/1803/995
f 1802/1802/994 1803/1803/995 1804/1804/996
f 1804/1804/996 1805/1805/997 1802/1802/994
f 1804/1804/996 1806/1806/998 1805/1805/997
f 1798/1798/990 1807/1807/967 1795/1795/987
f 1800/1800/992 1808/1808/999 1798/1798/990
f 1798/1798/990 1808/1808/999 1807/1807/967
f 1800/1800/992 1809/1809/1000 1808/1808/999
f 1802/1802/994 1809/1809/1000 1800/1800/992
f 1802/1802/994 1805/1805/997 1809/1809/1000
f 1810/1810/1001 1811/1811/1002 1812/1812/943
f 1810/1810/1001 1813/1813/1003 1811/1811/1002
f 1811/1811/1002 1813/1813/1003 1814/1814/1004
f 1811/1811/1002 1814/1814/1004 1815/1815/1005
f 1815/1815/1005 1814/1814/1004 1816/1816/1006
f 1815/1815/1005 1816/1816/1006 1817/1817/1007
f 1818/1818/1008 1819/1819/1009 1820/1820/1010
f 1818/1818/1008 1820/1820/1010 1821/1821/1011
f 1821/1821/1011 1820/1820/1010 1822/1822/1012
f 1821/1821/1011 1822/1822/1012 1823/1823/1013
f 1824/1824/1014 1825/1825/1015 1826/1826/1016
f 1824/1824/1014 1826/1826/1016 1827/1827/641
f 1827/1827/641 1826/1826/1016 1828/1828/1017
f 1827/1827/641 1828/1828/1017 1829/1829/1018
f 1829/1829/1018 1828/1828/1017 1830/1830/1019
f 1829/1829/1018 1830/1830/1019 1831/1831/1020
f 1831/1831/1020 1830/1830/1019 1832/1832/1021
f 1831/1831/1020 1832/1832/1021 1833/1833/1022
f 1833/1833/1022 1832/1832/1021 1834/1834/1023
f 1833/1833/1022 1834/1834/1023 1835/1835/1024
f 1836/1836/1025 1837/1837/181 1838/1838/1026
f 1836/1836/1025 1838/1838/1026 1839/1839/1027
f 1839/1839/1027 1840/1840/1028 1836/1836/1025
f 1839/1839/1027 1841/1841/1029 1840/1840/1028
f 1842/1842/1030 1841/1841/1029 1839/1839/1027
f 1843/1843/1031 1844/1844/1032 1845/1845/1033
f 1842/1842/1030 1846/1846/1034 1841/1841/1029
f 1847/1847/1035 1846/1846/1034 1842/1842/1030
f 1847/1847/1035 1848/1848/1036 1846/1846/1034
f 1849/1849/1037 1848/1848/1036 1847/1847/1035
f 1849/1849/1037 1850/1850/831 1848/1848/1036
f 1851/1851/1038 1850/1850/831 1849/1849/1037
f 1851/1851/1038 1852/1852/1039 1850/1850/831
f 1853/1853/1040 1852/1852/1039 1851/1851/1038
f 1853/1853/1040 1854/1854/1041 1852/1852/1039
f 1855/1855/1042 1854/1854/1041 1853/1853/1040
f 1855/1855/1042 1856/1856/1043 1854/1854/1041
f 1857/1857/1044 1856/1856/1043 1855/1855/1042
f 1857/1857/1044 1858/1858/1045 1856/1856/1043
f 1859/1859/1046 1845/1845/1033 1858/1858/1045
f 1843/1843/1031 1845/1845/1033 1859/1859/1046
f 1859/1859/1046 1858/1858/1045 1857/1857/1044
f 1859/1859/1046 1860/1860/1047 1843/1843/1031
f 1857/1857/1044 1861/1861/179 1859/1859/1046
f 1859/1859/1046 1861/1861/179 1860/1860/1047
f 1839/1839/1027 1862/1862/1048 1842/1842/1030
f 1839/1839/1027 1838/1838/1026 1862/1862/1048
f 1842/1842/1030 1863/1863/1049 1847/1847/1035
f 1842/1842/1030 1862/1862/1048 1863/1863/1049
f 1847/1847/1035 1863/1863/1049 1864/1864/1050
f 1847/1847/1035 1864/1864/1050 1849/1849/1037
f 1849/1849/1037 1865/1865/1051 1851/1851/1038
f 1849/1849/1037 1864/1864/1050 1865/1865/1051
f 1851/1851/1038 1865/1865/1051 1866/1866/1052
f 1851/1851/1038 1866/1866/1052 1853/1853/1040
f 1853/1853/1040 1867/1867/1053 1855/1855/1042
f 1853/1853/1040 1866/1866/1052 1867/1867/1053
f 1857/1857/1044 1868/1868/177 1861/1861/179
f 1855/1855/1042 1867/1867/1053 1868/1868/177
f 1855/1855/1042 1868/1868/177 1857/1857/1044
f 1869/1869/73 1870/1870/613 1871/1871/75
f 1869/1869/73 1872/1872/604 1870/1870/613
f 1873/1873/1054 1872/1872/604 1869/1869/73
f 1873/1873/1054 1874/1874/1055 1872/1872/604
f 1875/1875/1056 1874/1874/1055 1873/1873/1054
f 1875/1875/1056 1876/1876/68 1874/1874/1055
f 1877/1877/1057 1878/1878/1058 1879/1879/1059
f 1877/1877/1057 1879/1879/1059 1880/1880/1060
f 1881/1881/1061 1877/1877/1057 1880/1880/1060
f 1881/1881/1061 1880/1880/1060 1882/1882/1062
f 1883/1883/1063 1881/1881/1061 1882/1882/1062
f 1883/1883/1063 1882/1882/1062 1884/1884/1064
f 1885/1885/1065 1883/1883/1063 1884/1884/1064
f 1885/1885/1065 1884/1884/1064 1886/1886/1066
f 1887/1887/1067 1885/1885/1065 1886/1886/1066
f 1887/1887/1067 1886/1886/1066 1888/1888/1068
f 1889/1889/1069 1887/1887/1067 1888/1888/1068
f 1889/1889/1069 1888/1888/1068 1890/1890/1070
f 1891/1891/1071 1889/1889/1069 1890/1890/1070
f 1891/1891/1071 1890/1890/1070 1892/1892/1072
f 1893/1893/1073 1891/1891/1071 1892/1892/1072
f 1893/1893/1073 1892/1892/1072 1894/1894/1074
f 1895/1895/967 1893/1893/1073 1894/1894/1074
f 1878/1878/1058 1895/1895/967 1896/1896/1075
f 1878/1878/1058 1896/1896/1075 1879/1879/1059
f 1895/1895/967 1894/1894/1074 1896/1896/1075
f 1897/1897/1076 1898/1898/1077 1899/1899/1072
f 1897/1897/1076 1899/1899/1072 1900/1900/1078
f 1900/1900/1078 1899/1899/1072 1901/1901/1079
f 1900/1900/1078 1901/1901/1079 1902/1902/1080
f 1902/1902/1080 1901/1901/1079 1903/1903/1081
f 1902/1902/1080 1903/1903/1081 1904/1904/1082
f 1904/1904/1082 1903/1903/1081 1905/1905/1083
f 1904/1904/1082 1905/1905/1083 1906/1906/1084
f 1906/1906/1084 1905/1905/1083 1907/1907/1064
f 1906/1906/1084 1907/1907/1064 1908/1908/1085
f 1909/1909/1086 1910/1910/1087 1911/1911/1062
f 1909/1909/1086 1911/1911/1062 1912/1912/1088
f 1913/1913/1089 1912/1912/1088 1911/1911/1062
f 1913/1913/1089 1911/1911/1062 1914/1914/1090
f 1913/1913/1089 1914/1914/1090 1915/1915/1091
f 1913/1913/1089 1915/1915/1091 1916/1916/1092
f 1916/1916/1092 1915/1915/1091 1917/1917/1093
f 1916/1916/1092 1917/1917/1093 1918/1918/1094
f 1918/1918/1094 1917/1917/1093 1919/1919/1095
f 1918/1918/1094 1919/1919/1095 1920/1920/1096
f 1921/1921/1097 1922/1922/1098 1923/1923/558
f 1921/1921/1097 1923/1923/558 1924/1924/1099
f 1924/1924/1099 1923/1923/558 1925/1925/1100
f 1924/1924/1099 1925/1925/1100 1926/1926/570
f 1926/1926/570 1925/1925/1100 1927/1927/1101
f 1926/1926/570 1927/1927/1101 1928/1928/1102
f 1928/1928/1102 1927/1927/1101 1929/1929/1103
f 1928/1928/1102 1929/1929/1103 1930/1930/1104
f 1930/1930/1104 1929/1929/1103 1931/1931/1105
f 1930/1930/1104 1931/1931/1105 1932/1932/1106
f 1932/1932/1106 1931/1931/1105 1933/1933/550
f 1932/1932/1106 1933/1933/550 1934/1934/919
f 1934/1934/919 1933/1933/550 1935/1935/1107
f 1934/1934/919 1935/1935/1107 1936/1936/1108
f 1936/1936/1108 1935/1935/1107 1937/1937/1109
f 1936/1936/1108 1937/1937/1109 1938/1938/1110
f 1938/1938/1110 1937/1937/1109 1939/1939/1008
f 1940/1940/1111 1939/1939/1008 1922/1922/1098
f 1940/1940/1111 1922/1922/1098 1921/1921/1097
f 1938/1938/1110 1939/1939/1008 1940/1940/1111
f 1941/1941/67 1942/1942/1112 1943/1943/103
f 1941/1941/67 1944/1944/312 1942/1942/1112
f 1945/1945/71 1944/1944/312 1941/1941/67
f 1945/1945/71 1946/1946/72 1944/1944/312
f 1947/1947/1089 1948/1948/1092 1949/1949/1113
f 1947/1947/1089 1949/1949/1113 1950/1950/1114
f 1951/1951/1115 1947/1947/1089 1950/1950/1114
f 1951/1951/1115 1950/1950/1114 1952/1952/998
f 1953/1953/1116 1951/1951/1115 1952/1952/998
f 1953/1953/1116 1952/1952/998 1954/1954/976
f 1955/1955/1084 1953/1953/1116 1954/1954/976
f 1955/1955/1084 1954/1954/976 1956/1956/974
f 1957/1957/1117 1955/1955/1084 1956/1956/974
f 1957/1957/1117 1956/1956/974 1958/1958/1118
f 1959/1959/1119 1957/1957/1117 1958/1958/1118
f 1959/1959/1119 1958/1958/1118 1960/1960/1120
f 1961/1961/1121 1959/1959/1119 1960/1960/1120
f 1961/1961/1121 1960/1960/1120 1962/1962/968
f 1963/1963/1122 1961/1961/1121 1962/1962/968
f 1963/1963/1122 1962/1962/968 1964/1964/967
f 1965/1965/1094 1963/1963/1122 1964/1964/967
f 1948/1948/1092 1965/1965/1094 1966/1966/999
f 1948/1948/1092 1966/1966/999 1949/1949/1113
f 1965/1965/1094 1964/1964/967 1966/1966/999
f 1967/1967/1123 1968/1968/46 1969/1969/47
f 1967/1967/1123 1970/1970/95 1968/1968/46
f 1971/1971/49 1970/1970/95 1967/1967/1123
f 1971/1971/49 1972/1972/1124 1970/1970/95
f 1973/1973/51 1972/1972/1124 1971/1971/49
f 1973/1973/51 1974/1974/1125 1972/1972/1124
f 1975/1975/53 1974/1974/1125 1973/1973/51
f 1975/1975/53 1976/1976/1126 1974/1974/1125
f 1977/1977/1127 1978/1978/1128 1979/1979/1129
f 1977/1977/1127 1980/1980/1130 1978/1978/1128
f 1981/1981/524 1978/1978/1128 1980/1980/1130
f 1981/1981/524 1980/1980/1130 1982/1982/1131
f 1981/1981/524 1982/1982/1131 1983/1983/1132
f 1981/1981/524 1983/1983/1132 1984/1984/1133
f 1983/1983/1132 1985/1985/1134 1984/1984/1133
f 1983/1983/1132 1986/1986/1135 1985/1985/1134
f 1987/1987/1136 1985/1985/1134 1986/1986/1135
f 1987/1987/1136 1986/1986/1135 1988/1988/1137
f 1989/1989/1138 1990/1990/616 1991/1991/617
f 1989/1989/1138 1991/1991/617 1992/1992/618
f 1993/1993/1139 1989/1989/1138 1992/1992/618
f 1993/1993/1139 1992/1992/618 1994/1994/620
f 1995/1995/898 1993/1993/1139 1994/1994/620
f 1995/1995/898 1994/1994/620 1996/1996/622
f 1997/1997/623 1995/1995/898 1996/1996/622
f 1997/1997/623 1996/1996/622 1998/1998/624
f 1999/1999/724 1997/1997/623 1998/1998/624
f 2000/2000/1140 1998/1998/624 1996/1996/622
f 1999/1999/724 1998/1998/624 2000/2000/1140
f 2001/2001/1141 1996/1996/622 1994/1994/620
f 2001/2001/1141 2000/2000/1140 1996/1996/622
f 2002/2002/628 2001/2001/1141 1994/1994/620
f 2002/2002/628 1994/1994/620 1992/1992/618
f 2003/2003/1142 1992/1992/618 1991/1991/617
f 2003/2003/1142 2002/2002/628 1992/1992/618
f 1990/1990/616 2004/2004/703 1991/1991/617
f 2003/2003/1142 1991/1991/617 2004/2004/703
f 2005/2005/631 2000/2000/1140 2001/2001/1141
f 2005/2005/631 1999/1999/724 2000/2000/1140
f 2006/2006/632 2001/2001/1141 2002/2002/628
f 2006/2006/632 2005/2005/631 2001/2001/1141
f 2007/2007/633 2006/2006/632 2002/2002/628
f 2007/2007/633 2002/2002/628 2003/2003/1142
f 1990/1990/616 2008/2008/901 2004/2004/703
f 2008/2008/901 2003/2003/1142 2004/2004/703
f 2008/2008/901 2007/2007/633 2003/2003/1142
f 2009/2009/1143 2010/2010/843 2011/2011/1144
f 2009/2009/1143 2012/2012/873 2010/2010/843
f 2012/2012/873 2013/2013/1145 2010/2010/843
f 2012/2012/873 2014/2014/1146 2013/2013/1145
f 2014/2014/1146 2015/2015/889 2013/2013/1145
f 2014/2014/1146 2016/2016/1147 2015/2015/889
f 2016/2016/1147 2017/2017/1148 2015/2015/889
f 2016/2016/1147 2018/2018/706 2017/2017/1148
f 2018/2018/706 2019/2019/840 2017/2017/1148
f 2018/2018/706 2020/2020/1149 2019/2019/840
f 2020/2020/1149 2021/2021/265 2019/2019/840
f 2020/2020/1149 2022/2022/721 2021/2021/265
f 2022/2022/721 2023/2023/1150 2021/2021/265
f 2022/2022/721 2024/2024/1151 2023/2023/1150
f 2024/2024/1151 2025/2025/1152 2023/2023/1150
f 2024/2024/1151 2026/2026/1153 2025/2025/1152
f 2027/2027/1154 2025/2025/1152 2026/2026/1153
f 2028/2028/1155 2011/2011/1144 2027/2027/1154
f 2028/2028/1155 2009/2009/1143 2011/2011/1144
f 2027/2027/1154 2026/2026/1153 2028/2028/1155
f 2029/2029/81 2030/2030/1156 2031/2031/1157
f 2029/2029/81 2031/2031/1157 2032/2032/527
f 2029/2029/81 2032/2032/527 2033/2033/529
f 2029/2029/81 2033/2033/529 2034/2034/81
f 2033/2033/529 2035/2035/1158 2034/2034/81
f 2033/2033/529 2036/2036/1159 2035/2035/1158
f 2037/2037/108 2038/2038/128 2039/2039/1160
f 2037/2037/108 2039/2039/1160 2040/2040/1161
f 2037/2037/108 2040/2040/1161 2041/2041/535
f 2037/2037/108 2041/2041/535 2042/2042/108
f 2041/2041/535 2043/2043/1162 2042/2042/108
f 2041/2041/535 2044/2044/1163 2043/2043/1162
f 2045/2045/1164 2046/2046/1165 2047/2047/1166
f 2045/2045/1164 2048/2048/1167 2046/2046/1165
f 2048/2048/1167 2049/2049/1168 2046/2046/1165
f 2048/2048/1167 2050/2050/1169 2049/2049/1168
f 2051/2051/1170 2052/2052/1171 2053/2053/812
f 2051/2051/1170 2053/2053/812 2054/2054/1172
f 2054/2054/1172 2053/2053/812 2055/2055/640
f 2054/2054/1172 2055/2055/640 2056/2056/1173
f 2056/2056/1173 2055/2055/640 2057/2057/815
f 2056/2056/1173 2057/2057/815 2058/2058/1174
f 2058/2058/1174 2057/2057/815 2059/2059/1175
f 2058/2058/1174 2059/2059/1175 2060/2060/1176
f 2060/2060/1176 2059/2059/1175 2061/2061/1177
f 2060/2060/1176 2061/2061/1177 2062/2062/819
f 2062/2062/819 2061/2061/1177 2063/2063/243
f 2062/2062/819 2063/2063/243 2064/2064/1178
f 2064/2064/1178 2065/2065/822 2062/2062/819
f 2064/2064/1178 2066/2066/835 2065/2065/822
f 2054/2054/1172 2067/2067/824 2051/2051/1170
f 2054/2054/1172 2068/2068/1179 2067/2067/824
f 2056/2056/1173 2068/2068/1179 2054/2054/1172
f 2058/2058/1174 2069/2069/1180 2056/2056/1173
f 2056/2056/1173 2069/2069/1180 2068/2068/1179
f 2060/2060/1176 2070/2070/1181 2058/2058/1174
f 2058/2058/1174 2070/2070/1181 2069/2069/1180
f 2060/2060/1176 2071/2071/1182 2070/2070/1181
f 2062/2062/819 2071/2071/1182 2060/2060/1176
f 2062/2062/819 2065/2065/822 2071/2071/1182
f 2072/2072/829 2073/2073/1183 2074/2074/1184
f 2072/2072/829 2074/2074/1184 2075/2075/1185
f 2075/2075/1185 2074/2074/1184 2076/2076/831
f 2075/2075/1185 2076/2076/831 2077/2077/832
f 2077/2077/832 2076/2076/831 2078/2078/1186
f 2077/2077/832 2078/2078/1186 2079/2079/1187
f 2079/2079/1187 2078/2078/1186 2080/2080/1188
f 2079/2079/1187 2080/2080/1188 2081/2081/1178
f 2081/2081/1178 2082/2082/241 2079/2079/1187
f 2081/2081/1178 2083/2083/820 2082/2082/241
f 2075/2075/1185 2084/2084/1189 2072/2072/829
f 2077/2077/832 2085/2085/1190 2075/2075/1185
f 2075/2075/1185 2085/2085/1190 2084/2084/1189
f 2077/2077/832 2086/2086/1191 2085/2085/1190
f 2079/2079/1187 2086/2086/1191 2077/2077/832
f 2079/2079/1187 2082/2082/241 2086/2086/1191
f 2087/2087/1192 2088/2088/1193 2089/2089/1194
f 2087/2087/1192 2089/2089/1194 2090/2090/1195
f 2091/2091/1196 2087/2087/1192 2090/2090/1195
f 2091/2091/1196 2092/2092/1197 2087/2087/1192
f 2093/2093/1159 2094/2094/1198 2095/2095/1199
f 2093/2093/1159 2096/2096/1200 2094/2094/1198
f 2097/2097/1201 2094/2094/1198 2096/2096/1200
f 2097/2097/1201 2096/2096/1200 2098/2098/1202
f 2097/2097/1201 2098/2098/1202 2099/2099/1203
f 2097/2097/1201 2099/2099/1203 2100/2100/1204
f 2099/2099/1203 2101/2101/1205 2100/2100/1204
f 2099/2099/1203 2102/2102/1159 2101/2101/1205
f 2103/2103/128 2101/2101/1205 2102/2102/1159
f 2103/2103/128 2102/2102/1159 2104/2104/1206
f 2105/2105/1207 2106/2106/1208 2107/2107/1209
f 2105/2105/1207 2107/2107/1209 2108/2108/1210
f 2108/2108/1210 2107/2107/1209 2109/2109/1211
f 2108/2108/1210 2109/2109/1211 2110/2110/761
f 2111/2111/1212 2112/2112/1213 2113/2113/1214
f 2111/2111/1212 2113/2113/1214 2114/2114/1215
f 2114/2114/1215 2113/2113/1214 2115/2115/1216
f 2114/2114/1215 2115/2115/1216 2116/2116/1217
f 2117/2117/1218 2118/2118/1219 2119/2119/1220
f 2117/2117/1218 2119/2119/1220 2120/2120/1221
f 2120/2120/1221 2119/2119/1220 2121/2121/1222
f 2122/2122/1223 2123/2123/1224 2124/2124/1225
f 2120/2120/1221 2121/2121/1222 2124/2124/1225
f 2123/2123/1224 2120/2120/1221 2124/2124/1225
f 2124/2124/1225 2125/2125/1226 2122/2122/1223
f 2124/2124/1225 2121/2121/1222 2125/2125/1226
f 2123/2123/1224 2126/2126/1227 2120/2120/1221
f 2127/2127/1228 2126/2126/1227 2123/2123/1224
f 2127/2127/1228 2123/2123/1224 2128/2128/1229
f 2122/2122/1223 2129/2129/1230 2123/2123/1224
f 2128/2128/1229 2123/2123/1224 2129/2129/1230
f 2130/2130/1231 2129/2129/1230 2122/2122/1223
f 2128/2128/1229 2129/2129/1230 2131/2131/1232
f 2131/2131/1232 2129/2129/1230 2132/2132/1233
f 2130/2130/1231 2132/2132/1233 2129/2129/1230
f 2131/2131/1232 2132/2132/1233 2133/2133/1234
f 2134/2134/1235 2135/2135/1236 2136/2136/1237
f 2134/2134/1235 2137/2137/1238 2135/2135/1236
f 2138/2138/1239 2135/2135/1236 2137/2137/1238
f 2138/2138/1239 2137/2137/1238 2139/2139/1240
f 2139/2139/1240 2137/2137/1238 2140/2140/1241
f 2140/2140/1241 2137/2137/1238 2134/2134/1235
f 2140/2140/1241 2134/2134/1235 2141/2141/1242
f 2139/2139/1240 2140/2140/1241 2142/2142/1243
f 2143/2143/1244 2144/2144/1011 2145/2145/1013
f 2143/2143/1244 2145/2145/1013 2146/2146/1099
f 2146/2146/1099 2145/2145/1013 2147/2147/1245
f 2146/2146/1099 2147/2147/1245 2148/2148/1016
f 2148/2148/1016 2147/2147/1245 2149/2149/1246
f 2148/2148/1016 2149/2149/1246 2150/2150/572
f 2150/2150/572 2149/2149/1246 2151/2151/1247
f 2150/2150/572 2151/2151/1247 2152/2152/1104
f 2152/2152/1104 2151/2151/1247 2153/2153/1248
f 2152/2152/1104 2153/2153/1248 2154/2154/1249
f 2154/2154/1249 2153/2153/1248 2155/2155/1250
f 2154/2154/1249 2155/2155/1250 2156/2156/919
f 2156/2156/919 2155/2155/1250 2157/2157/1251
f 2156/2156/919 2157/2157/1251 2158/2158/581
f 2158/2158/581 2157/2157/1251 2159/2159/1252
f 2158/2158/581 2159/2159/1252 2160/2160/922
f 2160/2160/922 2159/2159/1252 2161/2161/1008
f 2162/2162/584 2161/2161/1008 2144/2144/1011
f 2162/2162/584 2144/2144/1011 2143/2143/1244
f 2160/2160/922 2161/2161/1008 2162/2162/584
f 2163/2163/1253 2164/2164/1254 2165/2165/1255
f 2163/2163/1253 2165/2165/1255 2166/2166/1256
f 2167/2167/1257 2168/2168/1258 2169/2169/1259
f 2167/2167/1257 2169/2169/1259 2170/2170/1260
f 2167/2167/1257 2170/2170/1260 2171/2171/1261
f 2167/2167/1257 2171/2171/1261 2172/2172/1262
f 2172/2172/1262 2171/2171/1261 2173/2173/1263
f 2172/2172/1262 2173/2173/1263 2174/2174/1264
f 2175/2175/1265 2174/2174/1264 2173/2173/1263
f 2175/2175/1265 2173/2173/1263 2176/2176/1266
f 2176/2176/1266 2177/2177/1267 2175/2175/1265
f 2176/2176/1266 2178/2178/1268 2177/2177/1267
f 2178/2178/1268 2179/2179/1269 2177/2177/1267
f 2178/2178/1268 2180/2180/1270 2179/2179/1269
f 2180/2180/1270 2181/2181/1271 2179/2179/1269
f 2180/2180/1270 2182/2182/1272 2181/2181/1271
f 2183/2183/1273 2181/2181/1271 2182/2182/1272
f 2183/2183/1273 2182/2182/1272 2184/2184/1274
f 2183/2183/1273 2184/2184/1274 2185/2185/1275
f 2186/2186/1276 2185/2185/1275 2184/2184/1274
f 2185/2185/1275 2186/2186/1276 2187/2187/1277
f 2188/2188/1278 2189/2189/1279 2190/2190/1280
f 2190/2190/1280 2189/2189/1279 2183/2183/1273
f 2183/2183/1273 2185/2185/1275 2190/2190/1280
f 2185/2185/1275 2191/2191/1281 2190/2190/1280
f 2185/2185/1275 2192/2192/1282 2191/2191/1281
f 2193/2193/1283 2194/2194/1284 2195/2195/1285
f 2193/2193/1283 2195/2195/1285 2196/2196/1247
f 2197/2197/1286 2193/2193/1283 2196/2196/1247
f 2197/2197/1286 2198/2198/1287 2193/2193/1283
f 2199/2199/1288 2198/2198/1287 2197/2197/1286
f 2199/2199/1288 2200/2200/1289 2198/2198/1287
f 2201/2201/1290 2200/2200/1289 2199/2199/1288
f 2201/2201/1290 2202/2202/1291 2200/2200/1289
f 2203/2203/1292 2204/2204/1293 2205/2205/1294
f 2203/2203/1292 2205/2205/1294 2206/2206/1295
f 2206/2206/1295 2207/2207/483 2203/2203/1292
f 2206/2206/1295 2208/2208/1296 2207/2207/483
f 2209/2209/1297 2207/2207/483 2208/2208/1296
f 2209/2209/1297 2208/2208/1296 2210/2210/1298
f 2211/2211/1299 2209/2209/1297 2210/2210/1298
f 2211/2211/1299 2210/2210/1298 2212/2212/1300
f 2213/2213/1301 2211/2211/1299 2212/2212/1300
f 2213/2213/1301 2212/2212/1300 2214/2214/1302
f 2215/2215/1303 2213/2213/1301 2214/2214/1302
f 2215/2215/1303 2214/2214/1302 2216/2216/1304
f 2217/2217/1305 2215/2215/1303 2216/2216/1304
f 2217/2217/1305 2216/2216/1304 2218/2218/1306
f 2219/2219/1307 2217/2217/1305 2218/2218/1306
f 2219/2219/1307 2218/2218/1306 2220/2220/1308
f 2221/2221/1309 2219/2219/1307 2220/2220/1308
f 2204/2204/1293 2221/2221/1309 2222/2222/1310
f 2204/2204/1293 2222/2222/1310 2205/2205/1294
f 2221/2221/1309 2220/2220/1308 2222/2222/1310
f 2223/2223/123 2224/2224/323 2225/2225/54
f 2223/2223/123 2225/2225/54 2226/2226/53
f 2227/2227/1311 2228/2228/1312 2229/2229/1313
f 2228/2228/1312 2230/2230/675 2229/2229/1313
f 2228/2228/1312 2231/2231/1314 2230/2230/675
f 2231/2231/1314 2232/2232/1315 2230/2230/675
f 2231/2231/1314 2233/2233/676 2232/2232/1315
f 2229/2229/1313 2230/2230/675 2234/2234/1316
f 2230/2230/675 2232/2232/1315 2234/2234/1316
f 2233/2233/676 2234/2234/1316 2232/2232/1315
f 2233/2233/676 2235/2235/1317 2234/2234/1316
f 2235/2235/1317 2236/2236/1318 2234/2234/1316
f 2229/2229/1313 2234/2234/1316 2236/2236/1318
f 2235/2235/1317 2237/2237/293 2236/2236/1318
f 2237/2237/293 2238/2238/1319 2236/2236/1318
f 2237/2237/293 2239/2239/1320 2238/2238/1319
f 2239/2239/1320 2240/2240/1321 2238/2238/1319
f 2239/2239/1320 2241/2241/1322 2240/2240/1321
f 2241/2241/1322 2242/2242/1323 2240/2240/1321
f 2241/2241/1322 2243/2243/1324 2242/2242/1323
f 2244/2244/1325 2238/2238/1319 2240/2240/1321
f 2244/2244/1325 2240/2240/1321 2242/2242/1323
f 2243/2243/1324 2244/2244/1325 2242/2242/1323
f 2243/2243/1324 2245/2245/1326 2244/2244/1325
f 2246/2246/283 2236/2236/1318 2238/2238/1319
f 2246/2246/283 2229/2229/1313 2236/2236/1318
f 2245/2245/1326 2246/2246/283 2244/2244/1325
f 2244/2244/1325 2246/2246/283 2238/2238/1319
f 2245/2245/1326 2227/2227/1311 2246/2246/283
f 2227/2227/1311 2229/2229/1313 2246/2246/283
f 2247/2247/1327 2248/2248/1328 2249/2249/1329
f 2247/2247/1327 2249/2249/1329 2250/2250/549
f 2249/2249/1329 2251/2251/1330 2250/2250/549
f 2249/2249/1329 2252/2252/1331 2251/2251/1330
f 2253/2253/1332 2254/2254/1333 2255/2255/1334
f 2253/2253/1332 2255/2255/1334 2256/2256/1335
f 2257/2257/1336 2253/2253/1332 2256/2256/1335
f 2257/2257/1336 2256/2256/1335 2258/2258/1337
f 2259/2259/1338 2257/2257/1336 2258/2258/1337
f 2259/2259/1338 2258/2258/1337 2260/2260/1339
f 2261/2261/1340 2259/2259/1338 2260/2260/1339
f 2261/2261/1340 2260/2260/1339 2262/2262/1341
f 2263/2263/1342 2261/2261/1340 2262/2262/1341
f 2263/2263/1342 2262/2262/1341 2264/2264/1343
f 2265/2265/481 2263/2263/1342 2264/2264/1343
f 2265/2265/481 2264/2264/1343 2266/2266/1344
f 2266/2266/1344 2267/2267/1345 2265/2265/481
f 2266/2266/1344 2268/2268/1346 2267/2267/1345
f 2269/2269/1347 2267/2267/1345 2268/2268/1346
f 2269/2269/1347 2268/2268/1346 2270/2270/1348
f 2271/2271/1349 2269/2269/1347 2270/2270/1348
f 2254/2254/1333 2271/2271/1349 2272/2272/1350
f 2254/2254/1333 2272/2272/1350 2255/2255/1334
f 2271/2271/1349 2270/2270/1348 2272/2272/1350
f 2273/2273/123 2274/2274/323 2275/2275/54
f 2273/2273/123 2275/2275/54 2276/2276/53
f 2277/2277/1351 2278/2278/1352 2279/2279/1353
f 2278/2278/1352 2280/2280/1354 2279/2279/1353
f 2278/2278/1352 2281/2281/1355 2280/2280/1354
f 2282/2282/1356 2283/2283/1357 2284/2284/1358
f 2277/2277/1351 2279/2279/1353 2285/2285/1359
f 2282/2282/1356 2284/2284/1358 2285/2285/1359
f 2286/2286/1360 2277/2277/1351 2285/2285/1359
f 2286/2286/1360 2285/2285/1359 2284/2284/1358
f 2280/2280/1354 2287/2287/1361 2279/2279/1353
f 2287/2287/1361 2282/2282/1356 2285/2285/1359
f 2287/2287/1361 2285/2285/1359 2279/2279/1353
f 2280/2280/1354 2288/2288/1362 2287/2287/1361
f 2289/2289/1363 2288/2288/1362 2280/2280/1354
f 2289/2289/1363 2290/2290/1364 2288/2288/1362
f 2288/2288/1362 2290/2290/1364 2291/2291/1365
f 2287/2287/1361 2288/2288/1362 2292/2292/1366
f 2288/2288/1362 2291/2291/1365 2292/2292/1366
f 2282/2282/1356 2287/2287/1361 2293/2293/1367
f 2287/2287/1361 2292/2292/1366 2293/2293/1367
f 2283/2283/1357 2282/2282/1356 2294/2294/1368
f 2282/2282/1356 2293/2293/1367 2294/2294/1368
f 2283/2283/1357 2294/2294/1368 2295/2295/1369
f 2296/2296/1370 2297/2297/1371 2298/2298/1372
f 2296/2296/1370 2298/2298/1372 2299/2299/1373
f 2300/2300/1374 2301/2301/1375 2302/2302/1376
f 2300/2300/1374 2302/2302/1376 2303/2303/1377
f 2303/2303/1377 2302/2302/1376 2304/2304/1378
f 2303/2303/1377 2304/2304/1378 2305/2305/1379
f 2305/2305/1379 2304/2304/1378 2306/2306/1380
f 2305/2305/1379 2306/2306/1380 2307/2307/1381
f 2308/2308/1382 2309/2309/1383 2310/2310/1384
f 2308/2308/1382 2310/2310/1384 2311/2311/1385
f 2311/2311/1385 2310/2310/1384 2312/2312/1386
f 2311/2311/1385 2312/2312/1386 2313/2313/1387
f 2314/2314/1388 2315/2315/1389 2316/2316/1390
f 2314/2314/1388 2316/2316/1390 2317/2317/1391
f 2317/2317/1391 2316/2316/1390 2318/2318/1392
f 2317/2317/1391 2318/2318/1392 2319/2319/1393
f 2320/2320/1394 2321/2321/1395 2322/2322/1396
f 2319/2319/1393 2318/2318/1392 2323/2323/1397
f 2319/2319/1393 2323/2323/1397 2324/2324/1398
f 2324/2324/1398 2323/2323/1397 2325/2325/1399
f 2324/2324/1398 2325/2325/1399 2326/2326/1400
f 2326/2326/1400 2325/2325/1399 2327/2327/1401
f 2326/2326/1400 2327/2327/1401 2328/2328/1402
f 2328/2328/1402 2327/2327/1401 2329/2329/1403
f 2328/2328/1402 2329/2329/1403 2330/2330/1404
f 2330/2330/1404 2329/2329/1403 2331/2331/1405
f 2330/2330/1404 2331/2331/1405 2332/2332/1406
f 2332/2332/1406 2331/2331/1405 2333/2333/1407
f 2332/2332/1406 2333/2333/1407 2334/2334/1408
f 2334/2334/1408 2333/2333/1407 2335/2335/1409
f 2320/2320/1394 2322/2322/1396 2336/2336/1410
f 2334/2334/1408 2335/2335/1409 2336/2336/1410
f 2336/2336/1410 2337/2337/1389 2320/2320/1394
f 2336/2336/1410 2335/2335/1409 2337/2337/1389
f 2336/2336/1410 2322/2322/1396 2338/2338/1411
f 2336/2336/1410 2338/2338/1411 2334/2334/1408
f 2334/2334/1408 2339/2339/1412 2332/2332/1406
f 2334/2334/1408 2338/2338/1411 2339/2339/1412
f 2332/2332/1406 2340/2340/1413 2330/2330/1404
f 2332/2332/1406 2339/2339/1412 2340/2340/1413
f 2330/2330/1404 2341/2341/1414 2328/2328/1402
f 2330/2330/1404 2340/2340/1413 2341/2341/1414
f 2328/2328/1402 2341/2341/1414 2342/2342/1415
f 2328/2328/1402 2342/2342/1415 2326/2326/1400
f 2326/2326/1400 2343/2343/1416 2324/2324/1398
f 2326/2326/1400 2342/2342/1415 2343/2343/1416
f 2324/2324/1398 2344/2344/1417 2319/2319/1393
f 2324/2324/1398 2343/2343/1416 2344/2344/1417
f 2319/2319/1393 2345/2345/195 2317/2317/1391
f 2319/2319/1393 2344/2344/1417 2345/2345/195
f 2317/2317/1391 2346/2346/1418 2314/2314/1388
f 2317/2317/1391 2345/2345/195 2346/2346/1418
f 2347/2347/1419 2348/2348/1420 2349/2349/1421
f 2347/2347/1419 2349/2349/1421 2350/2350/1422
f 2351/2351/1423 2352/2352/1424 2353/2353/1425
f 2351/2351/1423 2353/2353/1425 2354/2354/1426
f 2354/2354/1426 2353/2353/1425 2355/2355/1427
f 2354/2354/1426 2355/2355/1427 2356/2356/1065
f 2357/2357/1428 2358/2358/1429 2359/2359/1430
f 2357/2357/1428 2359/2359/1430 2360/2360/1105
